pub_date,url,scores,sentiments,relevance,rel_subdocs,sub_1_rel,sub_2_rel,sub_3_rel,sub_4_rel,sub_5_rel,sub_6_rel,sub_7_rel,sub_8_rel,sub_9_rel,sub_10_rel,sub_11_rel,sub_12_rel,sub_13_rel,sub_14_rel,sub_15_rel,sub_16_rel,sub_17_rel,sub_18_rel,sub_19_rel,sub_20_rel,sub_21_rel,sub_22_rel,sub_23_rel,sub_24_rel,sub_25_rel,sub_26_rel,sub_27_rel,sub_28_rel,sub_1_sents,sub_2_sents,sub_3_sents,sub_4_sents,sub_5_sents,sub_6_sents,sub_7_sents,sub_8_sents,sub_9_sents,sub_10_sents,sub_11_sents,sub_12_sents,sub_13_sents,sub_14_sents,sub_15_sents,sub_16_sents,sub_17_sents,sub_18_sents,sub_19_sents,sub_20_sents,sub_21_sents,sub_22_sents,sub_23_sents,sub_24_sents,sub_25_sents,sub_26_sents,sub_27_sents,sub_28_sents
2020-01-23,https://www.fool.com/investing/2020/01/23/undervalued-stocks-for-2020.aspx,-0.08191307473100014,-0.9757000207901001,0.08395313414533778,1,0.08395313414533778,,,,,,,,,,,,,,,,,,,,,,,,,,,,0.08395313414533778,,,,,,,,,,,,,,,,,,,,,,,,,,,
2021-04-23,https://www.fool.com/investing/2021/04/23/near-a-3-year-low-is-iqiyi-stock-a-buy/?source=iedfolrf0000001,-0.13327484548321963,-0.9948654572168986,0.1337417553950184,3,0.0669648277811599,0.2571767314241724,0.07708370697972285,,,,,,,,,,,,,,,,,,,,,,,,,,0.0669648277811599,0.2571767314241724,0.07708370697972285,,,,,,,,,,,,,,,,,,,,,,,,,
2021-04-26,https://www.fool.com/investing/2021/04/26/the-smartest-stocks-to-buy-with-1000-right-now/?source=iedfolrf0000001,0.2052959174686872,0.9771470427513123,0.21009726119688601,1,0.21009726119688601,,,,,,,,,,,,,,,,,,,,,,,,,,,,0.21009726119688601,,,,,,,,,,,,,,,,,,,,,,,,,,,
2021-04-26,https://www.benzinga.com/trading-ideas/long-ideas/21/04/20800144/amd-and-amazon-gain-as-the-qqq-soared-today-heres-why,-0.1095996883091862,-0.9916315674781799,0.11052460601663718,1,0.11052460601663718,,,,,,,,,,,,,,,,,,,,,,,,,,,,0.11052460601663718,,,,,,,,,,,,,,,,,,,,,,,,,,,
2021-04-29,https://www.benzinga.com/trading-ideas/long-ideas/21/04/20875691/facebook-and-qualcomm-lead-the-qqq-higher-thursday,-0.10959203217506619,-0.9985256791114807,0.10975384456069733,1,0.10975384456069733,,,,,,,,,,,,,,,,,,,,,,,,,,,,0.10975384456069733,,,,,,,,,,,,,,,,,,,,,,,,,,,
2021-05-03,http://www.zacks.com/stock/news/1493706/new-strong-sell-stocks-for-may-3rd?cid=CS-ZC-FT-tale_of_the_tape|new_zacks_5_rank_stocks-1493706,-0.27519204793391217,-0.9986822009086609,0.27543482071898784,2,0.48149827842798,0.06937136300999568,,,,,,,,,,,,,,,,,,,,,,,,,,,0.48149827842798,0.06937136300999568,,,,,,,,,,,,,,,,,,,,,,,,,,
2021-05-05,http://www.zacks.com/stock/news/1504920/is-baidu-bidu-stock-outpacing-its-computer-and-technology-peers-this-year?cid=CS-ZC-FT-tale_of_the_tape|yseop_template_1-1504920,-3.2269891323667137,-0.6550622582435608,4.9262327233129595,1,4.9262327233129595,,,,,,,,,,,,,,,,,,,,,,,,,,,,4.9262327233129595,,,,,,,,,,,,,,,,,,,,,,,,,,,
2021-05-05,http://www.zacks.com/stock/news/1505064/can-baidu-inc-bidu-keep-the-earnings-surprise-streak-alive?cid=CS-ZC-FT-tale_of_the_tape|yseop_template_7-1505064,0.1064672633676478,0.056385308504104614,0.1704805310214295,2,0.2751774386387845,0.06578362340407445,,,,,,,,,,,,,,,,,,,,,,,,,,,0.2751774386387845,0.06578362340407445,,,,,,,,,,,,,,,,,,,,,,,,,,
2021-05-06,https://www.fool.com/investing/2021/05/06/why-wait-for-a-crash-to-invest-these-3-top-stocks/?source=iedfolrf0000001,-0.05390147624667583,-0.32630876700083417,0.12433816694350795,3,0.06898884849612281,0.23866406312482,0.06536158920958102,,,,,,,,,,,,,,,,,,,,,,,,,,0.06898884849612281,0.23866406312482,0.06536158920958102,,,,,,,,,,,,,,,,,,,,,,,,,
2021-05-12,http://www.zacks.com/stock/news/1542503/stock-euphoria-gets-crushed-how-low-can-we-go?cid=CS-ZC-FT-video_blog-1542503,-0.011690303953251394,-0.15252667665481567,0.06777120474101167,2,0.06617104647202766,0.06937136300999568,,,,,,,,,,,,,,,,,,,,,,,,,,,0.06617104647202766,0.06937136300999568,,,,,,,,,,,,,,,,,,,,,,,,,,
2021-05-12,http://www.zacks.com/stock/news/1541397/baidu-bidu-to-report-q1-earnings-whats-in-the-offing?cid=CS-ZC-FT-analyst_blog|earnings_preview-1541397,-0.07776198668341018,-0.33337350686391193,0.1433787084970677,3,0.09464994206679625,0.2659824970769203,0.0695036863474865,,,,,,,,,,,,,,,,,,,,,,,,,,0.09464994206679625,0.2659824970769203,0.0695036863474865,,,,,,,,,,,,,,,,,,,,,,,,,
2021-05-13,https://www.benzinga.com/trading-ideas/long-ideas/21/05/21114512/the-qqq-rallied-today-heres-why,-0.1128318835549837,-0.998770534992218,0.11297077717241913,1,0.11297077717241913,,,,,,,,,,,,,,,,,,,,,,,,,,,,0.11297077717241913,,,,,,,,,,,,,,,,,,,,,,,,,,,
2021-05-13,http://www.zacks.com/stock/news/1547257/what-lies-ahead-for-tech-stocks-etfs?cid=CS-ZC-FT-etf_spotlight-1547257,-1.411582992845396,-0.9981345534324646,1.4134531215725212,2,2.7586355023977127,0.06827074074732994,,,,,,,,,,,,,,,,,,,,,,,,,,,2.7586355023977127,0.06827074074732994,,,,,,,,,,,,,,,,,,,,,,,,,,
2021-05-13,https://www.fool.com/investing/2021/05/13/is-nio-the-best-chinese-ev-stock-to-buy/?source=iedfolrf0000001,0.03260323931806914,0.5003133416175842,0.06516564042177693,1,0.06516564042177693,,,,,,,,,,,,,,,,,,,,,,,,,,,,0.06516564042177693,,,,,,,,,,,,,,,,,,,,,,,,,,,
2021-05-13,https://www.fool.com/investing/2021/05/13/3-nasdaq-100-stocks-61-to-82-upside-wall-street/?source=iedfolrf0000001,-0.2759714083112707,-0.5476087331771851,0.5039572811596797,1,0.5039572811596797,,,,,,,,,,,,,,,,,,,,,,,,,,,,0.5039572811596797,,,,,,,,,,,,,,,,,,,,,,,,,,,
2021-05-13,http://www.zacks.com/stock/news/1546757/will-baidus-bidu-q1-earnings-benefit-from-iqiyi-momentum?cid=CS-ZC-FT-analyst_blog|earnings_preview-1546757,0.107794823767296,0.1770780086517334,0.19848301223375597,3,0.2832957446837732,0.24260674046798236,0.06954655154951242,,,,,,,,,,,,,,,,,,,,,,,,,,0.2832957446837732,0.24260674046798236,0.06954655154951242,,,,,,,,,,,,,,,,,,,,,,,,,
2021-05-16,https://www.benzinga.com/news/21/05/21143744/george-soros-buys-millions-worth-of-stocks-linked-to-bill-hwangs-archegos-collapse-bloomberg,-0.0770863616435692,-0.9955808520317078,0.07742852977360609,1,0.07742852977360609,,,,,,,,,,,,,,,,,,,,,,,,,,,,0.07742852977360609,,,,,,,,,,,,,,,,,,,,,,,,,,,
2021-05-16,https://www.fool.com/investing/2021/05/16/forget-electric-vehicle-stocks-these-tech-stocks-a/?source=iedfolrf0000001,0.291661960129158,0.7503899335861206,0.386167981430843,2,0.44416165906644617,0.3281743037952399,,,,,,,,,,,,,,,,,,,,,,,,,,,0.44416165906644617,0.3281743037952399,,,,,,,,,,,,,,,,,,,,,,,,,,
2021-05-18,https://www.benzinga.com/news/earnings/21/05/21169626/5-stocks-to-watch-for-may-18-2021,-0.08120618696750682,-0.9994320273399353,0.08125233607296266,1,0.08125233607296266,,,,,,,,,,,,,,,,,,,,,,,,,,,,0.08125233607296266,,,,,,,,,,,,,,,,,,,,,,,,,,,
2021-05-18,http://www.marketwatch.com/news/story.asp?guid=%7B20C05575-04D4-B545-742B-1EEC3B3A2F58%7D&siteid=rss&rss=1,-0.064743409529651,-0.9923632144927979,0.06524164598618432,1,0.06524164598618432,,,,,,,,,,,,,,,,,,,,,,,,,,,,0.06524164598618432,,,,,,,,,,,,,,,,,,,,,,,,,,,
2021-05-18,https://www.benzinga.com/news/earnings/21/05/21169155/earnings-scheduled-for-may-18-2021,-0.06568183323588374,-0.9944177865982056,0.0660505414535817,1,0.0660505414535817,,,,,,,,,,,,,,,,,,,,,,,,,,,,0.0660505414535817,,,,,,,,,,,,,,,,,,,,,,,,,,,
2021-05-18,https://www.fool.com/earnings/call-transcripts/2021/05/18/baidu-inc-bidu-q1-2021-earnings-call-transcript/?source=iedfolrf0000001,0.24166285707110752,0.3391661584377289,0.45999014081633616,20,0.07028999499329071,0.27795192553396286,0.6002465572180208,1.1747410265370566,0.4220515028524574,0.23230870504427464,0.5406685087115601,0.31172233881090056,0.31850700909936824,0.6390887882736865,0.4246376092765577,0.09506470172040303,0.43660759570574365,0.7082315282588272,0.5799713510434485,0.06586262993012235,0.23157656327744344,0.30810734625779457,0.43914636661049095,1.3230207671713141,,,,,,,,,0.07028999499329071,0.27795192553396286,0.6002465572180208,1.1747410265370566,0.4220515028524574,0.23230870504427464,0.5406685087115601,0.31172233881090056,0.31850700909936824,0.6390887882736865,0.4246376092765577,0.09506470172040303,0.43660759570574365,0.7082315282588272,0.5799713510434485,0.06586262993012235,0.23157656327744344,0.30810734625779457,0.43914636661049095,1.3230207671713141,,,,,,,,
2021-05-19,https://www.benzinga.com/news/earnings/21/05/21197303/price-over-earnings-overview-baidu,-0.19241114383777935,-0.9971375465393066,0.19297272546601746,2,0.06831242619095049,0.3176330247410844,,,,,,,,,,,,,,,,,,,,,,,,,,,0.06831242619095049,0.3176330247410844,,,,,,,,,,,,,,,,,,,,,,,,,,
2021-05-19,https://www.benzinga.com/news/21/05/21197174/what-does-baidus-debt-look-like,-0.049671638562789375,-0.5600325465202332,0.08869419977718172,1,0.08869419977718172,,,,,,,,,,,,,,,,,,,,,,,,,,,,0.08869419977718172,,,,,,,,,,,,,,,,,,,,,,,,,,,
2021-05-19,https://www.fool.com/investing/2021/05/18/baidu-slips-despite-q1-beats/?source=iedfolrf0000001,0.08912268657359662,-0.2221318483352661,0.2770996363964836,2,0.08113692226535776,0.4730623505276095,,,,,,,,,,,,,,,,,,,,,,,,,,,0.08113692226535776,0.4730623505276095,,,,,,,,,,,,,,,,,,,,,,,,,,
2021-05-27,https://www.fool.com/investing/2021/05/27/how-shiba-inus-are-taking-over-crypto/?source=iedfolrf0000001,-0.04619839986172064,-0.7035696506500244,0.06566286624080242,1,0.06566286624080242,,,,,,,,,,,,,,,,,,,,,,,,,,,,0.06566286624080242,,,,,,,,,,,,,,,,,,,,,,,,,,,
2021-05-27,http://www.zacks.com/stock/news/1614764/big-cap-chinese-stocks-values-or-traps?cid=CS-ZC-FT-value_investor-1614764,-0.16103871727416488,-0.9982530176639557,0.16130756443289374,2,0.25345817149919236,0.06915695736659508,,,,,,,,,,,,,,,,,,,,,,,,,,,0.25345817149919236,0.06915695736659508,,,,,,,,,,,,,,,,,,,,,,,,,,
2021-05-28,http://www.zacks.com/stock/news/1618438/zacks-value-investor-highlights-alibaba-jdcom-tencent-baidu-and-tal-education-group?cid=CS-ZC-FT-press_releases-1618438,-0.06759190509161908,-0.9983617067337036,0.06770318514083756,2,0.06624941291508006,0.06915695736659508,,,,,,,,,,,,,,,,,,,,,,,,,,,0.06624941291508006,0.06915695736659508,,,,,,,,,,,,,,,,,,,,,,,,,,
2021-05-28,https://www.fool.com/investing/2021/05/28/5-reasons-i-regret-buying-cathie-woods-ark-innovat/?source=iedfolrf0000001,-0.06444561198010068,-0.9906789660453796,0.06505196354108184,1,0.06505196354108184,,,,,,,,,,,,,,,,,,,,,,,,,,,,0.06505196354108184,,,,,,,,,,,,,,,,,,,,,,,,,,,
2021-05-29,https://www.fool.com/investing/2021/05/29/6-hard-to-believe-chinese-tech-stock-facts/?source=iedfolrf0000001,-0.02127166870204618,-0.3276030818621318,0.06544652245085146,3,0.06823024326093055,0.06566724361930586,0.06244208047231798,,,,,,,,,,,,,,,,,,,,,,,,,,0.06823024326093055,0.06566724361930586,0.06244208047231798,,,,,,,,,,,,,,,,,,,,,,,,,
2021-06-01,https://www.benzinga.com/trading-ideas/long-ideas/21/06/21376905/baidu-and-jd-com-lead-the-nasdaq-higher-tuesday,-0.11627576750137743,-0.9960089921951294,0.11674168447527197,1,0.11674168447527197,,,,,,,,,,,,,,,,,,,,,,,,,,,,0.11674168447527197,,,,,,,,,,,,,,,,,,,,,,,,,,,
2021-06-01,https://www.benzinga.com/markets/cryptocurrency/21/06/21364689/chinese-stock-exchanges-take-on-robinhood-offering-crypto-features-to-us-clients,-0.24608555367072654,-0.9843956232070923,0.2499864362145343,1,0.2499864362145343,,,,,,,,,,,,,,,,,,,,,,,,,,,,0.2499864362145343,,,,,,,,,,,,,,,,,,,,,,,,,,,
2021-06-03,http://www.zacks.com/stock/news/1649693/tech-bigwigs-to-watch-amid-rising-autonomous-driving-wave?cid=CS-ZC-FT-analyst_blog|industry_focus-1649693,0.079876919158981,0.2874954144159953,0.1369011729345743,3,0.2538203884310369,0.0875094550224623,0.06937367535022369,,,,,,,,,,,,,,,,,,,,,,,,,,0.2538203884310369,0.0875094550224623,0.06937367535022369,,,,,,,,,,,,,,,,,,,,,,,,,
2021-06-03,https://www.benzinga.com/trading-ideas/long-ideas/21/06/21418348/tesla-and-baidu-lead-the-qqq-lower-thursday,-0.2642031630169733,-0.9978985786437988,0.2647595343567284,1,0.2647595343567284,,,,,,,,,,,,,,,,,,,,,,,,,,,,0.2647595343567284,,,,,,,,,,,,,,,,,,,,,,,,,,,
2021-06-05,https://www.fool.com/investing/2021/06/05/5-reasons-tencents-q1-earnings-beat-didnt-boost-it/?source=iedfolrf0000001,-0.2948672852497448,-0.9967377781867981,0.2958323560145865,1,0.2958323560145865,,,,,,,,,,,,,,,,,,,,,,,,,,,,0.2958323560145865,,,,,,,,,,,,,,,,,,,,,,,,,,,
2021-06-07,https://www.zacks.com/stock/news/1670520/alphabets-googl-waymo-brings-waymo-one-to-maps-app,0.07235561340394604,0.3078598380088806,0.12455652381053502,3,0.06379505888889012,0.24032950642061157,0.06954500612210332,,,,,,,,,,,,,,,,,,,,,,,,,,0.06379505888889012,0.24032950642061157,0.06954500612210332,,,,,,,,,,,,,,,,,,,,,,,,,
2021-06-11,https://www.benzinga.com/trading-ideas/long-ideas/21/06/21534586/nvidia-and-dollar-tree-lead-the-nasdaq-in-a-mixed-day-for-the-markets,-0.11328208351955284,-0.9991567134857178,0.11337769339941699,1,0.11337769339941699,,,,,,,,,,,,,,,,,,,,,,,,,,,,0.11337769339941699,,,,,,,,,,,,,,,,,,,,,,,,,,,
2021-06-13,https://www.fool.com/investing/2021/06/13/3-cheap-tech-stocks-to-buy-right-now/,-0.09712623821751792,-0.9940347870190939,0.09784800213584781,3,0.06873490936900885,0.133354967953405,0.09145412908512957,,,,,,,,,,,,,,,,,,,,,,,,,,0.06873490936900885,0.133354967953405,0.09145412908512957,,,,,,,,,,,,,,,,,,,,,,,,,
2021-06-17,https://www.zacks.com/stock/news/1723195/alphabets-googl-waymo-boosts-efforts-with-latest-funding,0.08939823232533886,-0.0032859742641448975,0.15990085172038132,2,0.2502566973186593,0.06954500612210332,,,,,,,,,,,,,,,,,,,,,,,,,,,0.2502566973186593,0.06954500612210332,,,,,,,,,,,,,,,,,,,,,,,,,,
2021-06-17,https://www.benzinga.com/news/21/06/21601949/baidus-low-cost-robotaxi-apollo-moon-launches-what-you-need-to-know,-0.25193604119396146,-0.7342398166656494,0.327245169954514,2,0.5197358391514106,0.1347545007576174,,,,,,,,,,,,,,,,,,,,,,,,,,,0.5197358391514106,0.1347545007576174,,,,,,,,,,,,,,,,,,,,,,,,,,
2021-06-17,https://www.fool.com/investing/2021/06/17/3-nasdaq-100-stocks-to-buy-hand-over-fist-in-june/,0.25497144124416327,0.9081220030784607,0.2807678267675825,1,0.2807678267675825,,,,,,,,,,,,,,,,,,,,,,,,,,,,0.2807678267675825,,,,,,,,,,,,,,,,,,,,,,,,,,,
2021-06-21,https://www.zacks.com/stock/news/1741689/the-merging-worlds-of-auto-industry-and-technology-firms,0.09209563342881655,0.0005764961242675781,0.16129766315862507,2,0.2534810911386549,0.0691142351785952,,,,,,,,,,,,,,,,,,,,,,,,,,,0.2534810911386549,0.0691142351785952,,,,,,,,,,,,,,,,,,,,,,,,,,
2021-06-23,https://www.fool.com/investing/2021/06/23/better-buy-baidu-vs-mercadolibre/,-0.08853462774639316,-0.4446244090795517,0.13575354397832998,4,0.08893644276398516,0.285682086841319,0.08514814006739392,0.08324750624062185,,,,,,,,,,,,,,,,,,,,,,,,,0.08893644276398516,0.285682086841319,0.08514814006739392,0.08324750624062185,,,,,,,,,,,,,,,,,,,,,,,,
2021-06-25,https://www.fool.com/investing/2021/06/25/these-3-stocks-will-double-trust-wall-street-bulls/,0.23115686820451684,0.8591175079345703,0.2690631561685291,1,0.2690631561685291,,,,,,,,,,,,,,,,,,,,,,,,,,,,0.2690631561685291,,,,,,,,,,,,,,,,,,,,,,,,,,,
2021-06-25,https://www.benzinga.com/news/21/06/21722897/toyota-backed-driverless-startup-pony-ai-aims-us-listing-reuters,-0.4316083252330412,-0.9900738000869751,0.4359355082369877,1,0.4359355082369877,,,,,,,,,,,,,,,,,,,,,,,,,,,,0.4359355082369877,,,,,,,,,,,,,,,,,,,,,,,,,,,
2021-06-28,https://www.zacks.com/stock/news/1754887/stock-market-news-for-jun-28-2021,-0.13760584755498154,-0.9951115846633911,0.13840865726644883,2,0.20842136455164967,0.06839594998124797,,,,,,,,,,,,,,,,,,,,,,,,,,,0.20842136455164967,0.06839594998124797,,,,,,,,,,,,,,,,,,,,,,,,,,
2021-06-29,https://www.zacks.com/stock/news/1755841/nvidia-nvda-makes-key-advancements-with-ai-on-5g-platform,0.0682631256945532,-0.010959476232528687,0.14001755762008983,2,0.21070673964762066,0.069328375592559,,,,,,,,,,,,,,,,,,,,,,,,,,,0.21070673964762066,0.069328375592559,,,,,,,,,,,,,,,,,,,,,,,,,,
2021-06-30,https://www.fool.com/investing/2021/06/30/what-investors-know-about-baidu-ai-chip-spin-off/,-0.6574162943403011,-0.9881594032049179,0.6648800695695407,4,2.1994031141154804,0.28564969418437336,0.09015346440119662,0.08431400557711238,,,,,,,,,,,,,,,,,,,,,,,,,2.1994031141154804,0.28564969418437336,0.09015346440119662,0.08431400557711238,,,,,,,,,,,,,,,,,,,,,,,,
2021-07-05,https://www.fool.com/investing/2021/07/05/is-blackberry-a-meme-stock-worth-buying/,-0.2504266347531617,-0.9937639832496643,0.2519980991203288,1,0.2519980991203288,,,,,,,,,,,,,,,,,,,,,,,,,,,,0.2519980991203288,,,,,,,,,,,,,,,,,,,,,,,,,,,
2021-07-06,https://www.zacks.com/stock/news/1758118/apple-aapl-app-tracking-blocks-updates-from-tiktok-others,-0.06615855858086517,-0.9981994926929474,0.06627764509549486,2,0.0629681879698977,0.06958710222109203,,,,,,,,,,,,,,,,,,,,,,,,,,,0.0629681879698977,0.06958710222109203,,,,,,,,,,,,,,,,,,,,,,,,,,
2021-07-06,https://www.fool.com/investing/2021/07/06/why-you-cant-ignore-these-5-nasdaq-stocks/,-0.26841103661342436,-0.9996227025985718,0.2685123456236796,1,0.2685123456236796,,,,,,,,,,,,,,,,,,,,,,,,,,,,0.2685123456236796,,,,,,,,,,,,,,,,,,,,,,,,,,,
2021-07-08,https://www.benzinga.com/analyst-ratings/analyst-color/21/07/21898314/9-investor-takeaways-from-the-crackdown-on-us-listed-chinese-stocks,-0.21436143551831638,-0.9972840547561646,0.21512276309648962,2,0.3099234205675969,0.12032210562538231,,,,,,,,,,,,,,,,,,,,,,,,,,,0.3099234205675969,0.12032210562538231,,,,,,,,,,,,,,,,,,,,,,,,,,
2021-07-08,https://www.benzinga.com/trading-ideas/long-ideas/21/07/21904157/baidu-and-nvidia-lead-the-qqq-lower-thursday,-0.2617954648918047,-0.9870281219482422,0.26523607491047024,1,0.26523607491047024,,,,,,,,,,,,,,,,,,,,,,,,,,,,0.26523607491047024,,,,,,,,,,,,,,,,,,,,,,,,,,,
2021-07-08,https://www.marketwatch.com/story/china-is-cracking-down-on-its-own-tech-giants-but-apple-and-the-u-s-ipo-market-could-pay-the-price-11625765133,-0.06426147406250536,-0.9907203912734985,0.06486338085754138,1,0.06486338085754138,,,,,,,,,,,,,,,,,,,,,,,,,,,,0.06486338085754138,,,,,,,,,,,,,,,,,,,,,,,,,,,
2021-07-09,https://www.fool.com/investing/2021/07/09/why-these-4-chinese-online-educators-fell-hard-thi/,-0.34113847269820247,-0.9975600242614746,0.34197287822430344,1,0.34197287822430344,,,,,,,,,,,,,,,,,,,,,,,,,,,,0.34197287822430344,,,,,,,,,,,,,,,,,,,,,,,,,,,
2021-07-09,https://www.fool.com/investing/2021/07/09/why-chinese-tech-stocks-got-destroyed-this-week/,-0.2889583836635194,-0.9985907673835754,0.28960888840880616,2,0.06971835296018554,0.5094994238574267,,,,,,,,,,,,,,,,,,,,,,,,,,,0.06971835296018554,0.5094994238574267,,,,,,,,,,,,,,,,,,,,,,,,,,
2021-07-13,https://www.fool.com/investing/2021/07/13/5-supercharged-stocks-with-115-to-177-upside/,0.23731717998202645,0.011943191289901733,0.3080888414462297,2,0.551044280279649,0.0651334026128104,,,,,,,,,,,,,,,,,,,,,,,,,,,0.551044280279649,0.0651334026128104,,,,,,,,,,,,,,,,,,,,,,,,,,
2021-07-15,https://www.benzinga.com/trading-ideas/long-ideas/21/07/22007592/amd-and-biogen-lead-the-qqq-lower-thursday,-0.11225171709253014,-0.9960124492645264,0.11270111852057556,1,0.11270111852057556,,,,,,,,,,,,,,,,,,,,,,,,,,,,0.11270111852057556,,,,,,,,,,,,,,,,,,,,,,,,,,,
2021-07-15,https://www.fool.com/investing/2021/07/15/why-is-everyone-talking-about-alibaba-stock/,-0.06349902327503539,-0.9822606444358826,0.06462789227311994,2,0.0633963585838617,0.06585942596237819,,,,,,,,,,,,,,,,,,,,,,,,,,,0.0633963585838617,0.06585942596237819,,,,,,,,,,,,,,,,,,,,,,,,,,
2021-07-22,https://www.zacks.com/stock/news/1766101/the-f-150-lightning-will-crush-the-tesla-cybertruck,-0.13024652354014757,-0.9036605954170227,0.14186871974782858,4,0.3236640041131854,0.10980411211355784,0.0647188469016341,0.06928791586293695,,,,,,,,,,,,,,,,,,,,,,,,,0.3236640041131854,0.10980411211355784,0.0647188469016341,0.06928791586293695,,,,,,,,,,,,,,,,,,,,,,,,
2021-07-23,https://www.benzinga.com/analyst-ratings/analyst-color/21/07/22125084/how-faangs-could-benefit-from-chinese-regulatory-scrutiny-of-domestic-tech-stocks,-0.32177603190037246,-0.9640481472015381,0.3337758936982884,1,0.3337758936982884,,,,,,,,,,,,,,,,,,,,,,,,,,,,0.3337758936982884,,,,,,,,,,,,,,,,,,,,,,,,,,,
2021-07-24,https://www.marketwatch.com/story/here-are-wall-streets-favorite-big-tech-stocks-as-the-nasdaq-closes-in-on-another-milestone-11627074982,-0.06736031928133102,-0.983564168214798,0.06848994211909495,2,0.06765150864563091,0.069328375592559,,,,,,,,,,,,,,,,,,,,,,,,,,,0.06765150864563091,0.069328375592559,,,,,,,,,,,,,,,,,,,,,,,,,,
2021-07-26,https://www.fool.com/investing/2021/07/26/if-you-invested-5000-in-baidu-in-2005-this-is-how/,-0.010723266274760395,-0.12196263074874877,0.16354194931971924,5,0.06998206310951628,0.0891491879097243,0.2853959652445531,0.2807753946480156,0.09240713568678689,,,,,,,,,,,,,,,,,,,,,,,,0.06998206310951628,0.0891491879097243,0.2853959652445531,0.2807753946480156,0.09240713568678689,,,,,,,,,,,,,,,,,,,,,,,
2021-07-26,https://www.zacks.com/stock/news/1767297/is-first-trust-nasdaq100-equal-weighted-etf-qqew-a-strong-etf-right-now,-0.2554772998494811,-0.9934243559837341,0.2577598382141796,2,0.4465332916964944,0.06898638473186472,,,,,,,,,,,,,,,,,,,,,,,,,,,0.4465332916964944,0.06898638473186472,,,,,,,,,,,,,,,,,,,,,,,,,,
2021-07-27,https://www.benzinga.com/news/21/07/22182438/baidu-and-lam-research-slip-as-the-qqq-finishes-lower-tuesday,-0.3149101951903876,-0.9971771240234375,0.3158016641213943,1,0.3158016641213943,,,,,,,,,,,,,,,,,,,,,,,,,,,,0.3158016641213943,,,,,,,,,,,,,,,,,,,,,,,,,,,
2021-07-27,https://www.benzinga.com/news/21/07/22164785/nio-alibaba-jd-crash-in-pre-market-hong-kong-as-analyst-says-expect-us-china-relations-to-remain-tur,-0.26769034090670274,-0.9989075660705566,0.2679830947319051,1,0.2679830947319051,,,,,,,,,,,,,,,,,,,,,,,,,,,,0.2679830947319051,,,,,,,,,,,,,,,,,,,,,,,,,,,
2021-07-28,https://www.zacks.com/stock/news/1769581/should-you-sell-your-chinese-stocks,-0.20090231948241544,-0.9732480645179749,0.20999175459385688,2,0.3510396362236733,0.0689438729640405,,,,,,,,,,,,,,,,,,,,,,,,,,,0.3510396362236733,0.0689438729640405,,,,,,,,,,,,,,,,,,,,,,,,,,
2021-07-29,https://www.investing.com/analysis/2-ways-beaten-down-alibaba-shares-can-still-power-up-longterm-portfolios-200594315,-0.263311309849093,-0.9950900077819824,0.26461054556864044,1,0.26461054556864044,,,,,,,,,,,,,,,,,,,,,,,,,,,,0.26461054556864044,,,,,,,,,,,,,,,,,,,,,,,,,,,
2021-08-01,https://www.fool.com/investing/2021/08/01/single-biggest-reason-to-sell-dogecoin-buy-stocks/,0.3586268868248826,0.9731281399726868,0.3685299726662393,1,0.3685299726662393,,,,,,,,,,,,,,,,,,,,,,,,,,,,0.3685299726662393,,,,,,,,,,,,,,,,,,,,,,,,,,,
2021-08-04,https://www.fool.com/investing/2021/08/04/these-2-chinese-tech-stocks-safer-than-rivals/,-0.06831099703305357,-0.9963654279708862,0.06856018395998544,1,0.06856018395998544,,,,,,,,,,,,,,,,,,,,,,,,,,,,0.06856018395998544,,,,,,,,,,,,,,,,,,,,,,,,,,,
2021-08-04,https://www.fool.com/investing/2021/08/04/why-baidu-fell-nearly-20-in-july/,-0.2908645827591321,-0.9958562552928925,0.2921249982534695,2,0.32057322979511865,0.2636767667118203,,,,,,,,,,,,,,,,,,,,,,,,,,,0.32057322979511865,0.2636767667118203,,,,,,,,,,,,,,,,,,,,,,,,,,
2021-08-04,https://www.zacks.com/stock/news/1774640/baidu-inc-bidu-stock-moves--016-what-you-should-know,-1.0387225876702835,-0.9266759157180786,1.2001502668096147,2,0.07033075993254564,2.329969773686684,,,,,,,,,,,,,,,,,,,,,,,,,,,0.07033075993254564,2.329969773686684,,,,,,,,,,,,,,,,,,,,,,,,,,
2021-08-09,https://www.investing.com/analysis/oil-hits-4month-low-on-possible-virusrelated-economic-weakness-200597265,-0.06331764180542762,-0.9925825595855713,0.06379080631022206,1,0.06379080631022206,,,,,,,,,,,,,,,,,,,,,,,,,,,,0.06379080631022206,,,,,,,,,,,,,,,,,,,,,,,,,,,
2021-08-09,https://www.benzinga.com/news/earnings/21/08/22400803/crude-awakening-oil-slides-to-four-month-low-indicating-possible-economic-fears,-0.06332076319766215,-0.9920654892921448,0.06382720080590906,1,0.06382720080590906,,,,,,,,,,,,,,,,,,,,,,,,,,,,0.06382720080590906,,,,,,,,,,,,,,,,,,,,,,,,,,,
2021-08-10,https://www.zacks.com/stock/news/1777614/baidu-bidu-to-report-q2-earnings-whats-in-the-offing,0.1678555969127958,-0.3710070053736369,0.46006250113036745,3,1.0369310600157688,0.2734927915135349,0.06976365186179886,,,,,,,,,,,,,,,,,,,,,,,,,,1.0369310600157688,0.2734927915135349,0.06976365186179886,,,,,,,,,,,,,,,,,,,,,,,,,
2021-08-10,https://www.fool.com/investing/2021/08/10/5-growth-stocks-with-110-to-393-upside-wall-street/,0.5157622313994025,0.9920055270195007,0.5199187074582334,1,0.5199187074582334,,,,,,,,,,,,,,,,,,,,,,,,,,,,0.5199187074582334,,,,,,,,,,,,,,,,,,,,,,,,,,,
2021-08-10,https://www.fool.com/investing/2021/08/10/3-tech-stocks-that-turned-10000-into-over-500000/,-0.08993531969954989,-0.3409780263900757,0.16722295654077046,3,0.11718258167806522,0.3184687188892846,0.06601756905496158,,,,,,,,,,,,,,,,,,,,,,,,,,0.11718258167806522,0.3184687188892846,0.06601756905496158,,,,,,,,,,,,,,,,,,,,,,,,,
2021-08-12,https://www.benzinga.com/news/earnings/21/08/22462757/how-do-baidus-q2-numbers-stack-up-against-google,0.12712371050594323,-0.11586394906044006,0.762375107473449,2,0.5182346342232271,1.006515580723671,,,,,,,,,,,,,,,,,,,,,,,,,,,0.5182346342232271,1.006515580723671,,,,,,,,,,,,,,,,,,,,,,,,,,
2021-08-12,https://www.benzinga.com/news/earnings/21/08/22469955/things-got-ugly-with-baidu-stock-today-whats-next,-0.3962806088743578,-0.9970526397228241,0.3966319888933327,2,0.7241049457528426,0.06915903203382275,,,,,,,,,,,,,,,,,,,,,,,,,,,0.7241049457528426,0.06915903203382275,,,,,,,,,,,,,,,,,,,,,,,,,,
2021-08-12,https://www.fool.com/earnings/call-transcripts/2021/08/12/baidu-inc-bidu-q2-2021-earnings-call-transcript/,0.20998304501013673,0.4431974348567781,0.3300764576179487,21,0.07028999097978313,0.3712674737692766,1.2835179190954096,0.26457742906624065,0.451282544489401,0.07862947131052166,0.3634142303290027,0.09221152372961798,0.3735766588530362,0.6969011325003553,0.09295111791967638,0.08999427886285087,0.08471866606214201,0.29375509474359884,0.4255366860080354,0.07932632516158453,0.0662134237569008,0.07927012263160753,0.3609847303087887,0.4324708193089946,0.8807159710900982,,,,,,,,0.07028999097978313,0.3712674737692766,1.2835179190954096,0.26457742906624065,0.451282544489401,0.07862947131052166,0.3634142303290027,0.09221152372961798,0.3735766588530362,0.6969011325003553,0.09295111791967638,0.08999427886285087,0.08471866606214201,0.29375509474359884,0.4255366860080354,0.07932632516158453,0.0662134237569008,0.07927012263160753,0.3609847303087887,0.4324708193089946,0.8807159710900982,,,,,,,
2021-08-12,https://www.benzinga.com/news/earnings/21/08/22461394/a-peek-into-the-markets-us-stock-futures-mixed-ahead-of-jobless-claims-producer-price-data,-0.11686985582121993,-0.999061644077301,0.11697962434455875,1,0.11697962434455875,,,,,,,,,,,,,,,,,,,,,,,,,,,,0.11697962434455875,,,,,,,,,,,,,,,,,,,,,,,,,,,
2021-08-12,https://www.marketwatch.com/story/hold-onto-those-value-stocks-because-the-wall-street-stampede-into-defensive-names-is-about-to-turn-says-citi-11628767657,-0.26339529592345945,-0.9966598749160767,0.2642780175590379,1,0.2642780175590379,,,,,,,,,,,,,,,,,,,,,,,,,,,,0.2642780175590379,,,,,,,,,,,,,,,,,,,,,,,,,,,
2021-08-13,https://www.benzinga.com/news/21/08/22483363/keybanc-analyst-thinks-this-tech-stock-has-69-upside-despite-price-target-cut,-1.0258731739273395,-0.9986761212348938,1.0272331060232176,1,1.0272331060232176,,,,,,,,,,,,,,,,,,,,,,,,,,,,1.0272331060232176,,,,,,,,,,,,,,,,,,,,,,,,,,,
2021-08-13,https://www.benzinga.com/news/21/08/22494406/ebay-and-amd-lead-the-qqq-friday,-0.26375007574959025,-0.997977077960968,0.2642847031000704,1,0.2642847031000704,,,,,,,,,,,,,,,,,,,,,,,,,,,,0.2642847031000704,,,,,,,,,,,,,,,,,,,,,,,,,,,
2021-08-14,https://www.benzinga.com/news/21/08/22500307/george-soros-abandons-shares-bought-during-implosion-of-archegos-bill-hwang,-0.07734186281046879,-0.9988806843757629,0.07742852977360609,1,0.07742852977360609,,,,,,,,,,,,,,,,,,,,,,,,,,,,0.07742852977360609,,,,,,,,,,,,,,,,,,,,,,,,,,,
2021-08-17,https://www.marketwatch.com/story/alibaba-stock-heads-for-lowest-close-since-october-2019-amid-pressure-on-chinas-tech-sector-11629223632,-0.1095232067922614,-0.9990584254264832,0.10962642824968677,1,0.10962642824968677,,,,,,,,,,,,,,,,,,,,,,,,,,,,0.10962642824968677,,,,,,,,,,,,,,,,,,,,,,,,,,,
2021-08-17,https://www.fool.com/investing/2021/08/17/5-surefire-stocks-on-sale-and-begging-to-be-bought/,0.3239635052265957,0.9970025420188904,0.324937491704467,1,0.324937491704467,,,,,,,,,,,,,,,,,,,,,,,,,,,,0.324937491704467,,,,,,,,,,,,,,,,,,,,,,,,,,,
2021-08-17,https://www.marketwatch.com/story/u-s-stock-futures-fall-ahead-of-retail-sales-data-11629193943,-0.9261722956375257,-0.9977420568466187,0.9282682726282077,1,0.9282682726282077,,,,,,,,,,,,,,,,,,,,,,,,,,,,0.9282682726282077,,,,,,,,,,,,,,,,,,,,,,,,,,,
2021-08-17,https://www.fool.com/investing/2021/08/17/is-baidu-stock-a-buy/,-0.13871699375751637,-0.9736109673976898,0.14109696658159532,6,0.08608734374622197,0.06941760749903839,0.13378553159702827,0.13732216637332642,0.32638260835722793,0.09358654191672898,,,,,,,,,,,,,,,,,,,,,,,0.08608734374622197,0.06941760749903839,0.13378553159702827,0.13732216637332642,0.32638260835722793,0.09358654191672898,,,,,,,,,,,,,,,,,,,,,,
2021-08-17,https://www.benzinga.com/news/21/08/22528782/disney-is-next-target-for-this-svod-service-as-it-overtakes-netflix-in-southeast-asia,-0.24652713765090656,-0.9884113073348999,0.24941756111191132,1,0.24941756111191132,,,,,,,,,,,,,,,,,,,,,,,,,,,,0.24941756111191132,,,,,,,,,,,,,,,,,,,,,,,,,,,
2021-08-17,https://www.benzinga.com/government/21/08/22538261/why-alibaba-tencent-baidu-bilibili-shares-are-trading-lower-today,-0.11859820713334485,-0.999142050743103,0.11870004574938917,1,0.11870004574938917,,,,,,,,,,,,,,,,,,,,,,,,,,,,0.11870004574938917,,,,,,,,,,,,,,,,,,,,,,,,,,,
2021-08-19,https://www.benzinga.com/news/21/08/22571830/alibaba-baidu-jd-com-tecent-bilibili-stocks-lose-further-ground-amid-regulatory-crackdown,-0.26453712206235125,-0.9974544644355774,0.26521222922396065,1,0.26521222922396065,,,,,,,,,,,,,,,,,,,,,,,,,,,,0.26521222922396065,,,,,,,,,,,,,,,,,,,,,,,,,,,
2021-08-19,https://www.fool.com/investing/2021/08/19/why-joyy-stock-was-climbing-today/,-0.03680684424535068,-0.5618587732315063,0.06550906740079489,1,0.06550906740079489,,,,,,,,,,,,,,,,,,,,,,,,,,,,0.06550906740079489,,,,,,,,,,,,,,,,,,,,,,,,,,,
2021-08-20,https://www.fool.com/investing/2021/08/20/is-bilibili-stock-a-buy/,0.12168493569836086,0.9962641596794128,0.12214123585206335,1,0.12214123585206335,,,,,,,,,,,,,,,,,,,,,,,,,,,,0.12214123585206335,,,,,,,,,,,,,,,,,,,,,,,,,,,
2021-08-20,https://www.benzinga.com/government/21/08/22598753/could-chinas-impending-regulations-jeopardize-alibaba-backed-ant-or-tiktoks-ipo-ambitions,-0.1270995451602908,-0.9957629442214966,0.12764036450428395,1,0.12764036450428395,,,,,,,,,,,,,,,,,,,,,,,,,,,,0.12764036450428395,,,,,,,,,,,,,,,,,,,,,,,,,,,
2021-08-20,https://www.fool.com/investing/2021/08/20/3-reasons-to-buy-tencent-and-1-reason-to-sell/,0.29838221328846903,0.9456876516342163,0.3155187791368991,1,0.3155187791368991,,,,,,,,,,,,,,,,,,,,,,,,,,,,0.3155187791368991,,,,,,,,,,,,,,,,,,,,,,,,,,,
2021-08-20,https://www.fool.com/investing/2021/08/20/5-popular-stocks-billionaires-sell-second-quarter/,0.3200776637052574,0.9928274750709534,0.3223900141183973,1,0.3223900141183973,,,,,,,,,,,,,,,,,,,,,,,,,,,,0.3223900141183973,,,,,,,,,,,,,,,,,,,,,,,,,,,
2021-08-20,https://www.benzinga.com/trading-ideas/long-ideas/21/08/22590150/alibaba-nvidia-clover-health-tesla-wish-and-more-stocks-wallstreetbets-is-eyeing-today,-0.06611904319183089,-0.9951269626617432,0.0664428215420645,1,0.0664428215420645,,,,,,,,,,,,,,,,,,,,,,,,,,,,0.0664428215420645,,,,,,,,,,,,,,,,,,,,,,,,,,,
2021-08-20,https://www.fool.com/investing/2021/08/20/yet-another-2-reasons-to-avoid-chinese-stocks/,-0.556178377522344,-0.9988252520561218,0.5568325153748651,1,0.5568325153748651,,,,,,,,,,,,,,,,,,,,,,,,,,,,0.5568325153748651,,,,,,,,,,,,,,,,,,,,,,,,,,,
2021-08-20,https://www.benzinga.com/government/21/08/22591161/how-chinas-gdpr-could-spell-more-trouble-for-alibaba-tencent-baidu-bilibili,-0.31333077381843155,-0.9977555871009827,0.31403559936840464,1,0.31403559936840464,,,,,,,,,,,,,,,,,,,,,,,,,,,,0.31403559936840464,,,,,,,,,,,,,,,,,,,,,,,,,,,
2021-08-23,https://www.fool.com/investing/2021/08/22/where-will-didi-global-be-in-5-years/,-0.45852318676570947,-0.9982703924179077,0.45931762601425236,1,0.45931762601425236,,,,,,,,,,,,,,,,,,,,,,,,,,,,0.45931762601425236,,,,,,,,,,,,,,,,,,,,,,,,,,,
2021-08-23,https://www.benzinga.com/trading-ideas/long-ideas/21/08/22609282/cathie-woods-ark-buys-palantir-shares-for-5th-straight-session-here-are-other-key-trades,-0.2757388000614453,-0.9971216320991516,0.27653476886361084,1,0.27653476886361084,,,,,,,,,,,,,,,,,,,,,,,,,,,,0.27653476886361084,,,,,,,,,,,,,,,,,,,,,,,,,,,
2021-08-23,https://www.zacks.com/commentary/1785017/bear-of-the-day-jdcom-jd,-0.09778849601542003,-0.9983715713024139,0.0979380286229793,2,0.1269746436876014,0.06890141355835722,,,,,,,,,,,,,,,,,,,,,,,,,,,0.1269746436876014,0.06890141355835722,,,,,,,,,,,,,,,,,,,,,,,,,,
2021-08-24,https://www.marketwatch.com/story/alibaba-jd-com-pinduoduo-shares-post-strong-rallies-after-rough-stretch-for-china-internet-stocks-11629816717,0.2523613870214202,0.9666664600372314,0.26106355961879596,1,0.26106355961879596,,,,,,,,,,,,,,,,,,,,,,,,,,,,0.26106355961879596,,,,,,,,,,,,,,,,,,,,,,,,,,,
2021-08-24,https://www.benzinga.com/news/21/08/22645373/jd-com-and-baidu-lead-the-nasdaq-100-in-a-mixed-day-of-trading,-0.11012915854506788,-0.9771789312362671,0.11270111852057556,1,0.11270111852057556,,,,,,,,,,,,,,,,,,,,,,,,,,,,0.11270111852057556,,,,,,,,,,,,,,,,,,,,,,,,,,,
2021-08-24,https://www.zacks.com/stock/news/1786136/relief-rally-for-chinese-tech,0.5901400849099845,-0.015275895595550537,0.6803095531360052,2,1.2912047025023623,0.06941440376964796,,,,,,,,,,,,,,,,,,,,,,,,,,,1.2912047025023623,0.06941440376964796,,,,,,,,,,,,,,,,,,,,,,,,,,
2021-08-24,https://www.benzinga.com/news/21/08/22628497/alibaba-sees-rebound-hong-kong-shares-jump-5-what-you-need-to-know,-0.08304426362056741,-0.6839954257011414,0.1214105540770853,1,0.1214105540770853,,,,,,,,,,,,,,,,,,,,,,,,,,,,0.1214105540770853,,,,,,,,,,,,,,,,,,,,,,,,,,,
2021-08-24,https://www.zacks.com/stock/news/1786118/should-you-buy-china-tech-stocks-etfs-now,-0.23522352656695822,-0.937825471162796,0.25275225324786543,2,0.2837236516603606,0.22178085483537022,,,,,,,,,,,,,,,,,,,,,,,,,,,0.2837236516603606,0.22178085483537022,,,,,,,,,,,,,,,,,,,,,,,,,,
2021-08-25,https://www.zacks.com/stock/news/1786775/alphabets-googl-waymo-service-expands-outside-arizona,0.09128422819630772,-0.002647310495376587,0.16163882159835563,2,0.2537326370746079,0.06954500612210332,,,,,,,,,,,,,,,,,,,,,,,,,,,0.2537326370746079,0.06954500612210332,,,,,,,,,,,,,,,,,,,,,,,,,,
2021-08-25,https://www.fool.com/investing/2021/08/25/wall-street-thinks-these-3-growth-stocks-can-rise/,-0.24138689427963753,-0.8101736009120941,0.279106992461151,2,0.06740897189025938,0.49080501303204266,,,,,,,,,,,,,,,,,,,,,,,,,,,0.06740897189025938,0.49080501303204266,,,,,,,,,,,,,,,,,,,,,,,,,,
2021-08-26,https://www.benzinga.com/news/21/08/22669571/alibaba-jd-baidu-and-nio-rivals-xpeng-li-auto-all-head-lower-in-hong-kong-session,-0.2515916666278701,-0.9987976551055908,0.2518945307308239,1,0.2518945307308239,,,,,,,,,,,,,,,,,,,,,,,,,,,,0.2518945307308239,,,,,,,,,,,,,,,,,,,,,,,,,,,
2021-08-27,https://www.fool.com/investing/2021/08/27/why-chinese-tech-stocks-soared-this-week/,-0.2049849255202898,-0.9555691778659821,0.20848111605065897,2,0.06989140130324172,0.3470708307980762,,,,,,,,,,,,,,,,,,,,,,,,,,,0.06989140130324172,0.3470708307980762,,,,,,,,,,,,,,,,,,,,,,,,,,
2021-08-27,https://www.benzinga.com/news/21/08/22689424/alibaba-heads-lower-jd-and-nio-rivals-xpeng-li-auto-surge-in-mixed-hong-kong-market-today,-0.24832060436581918,-0.9905694723129272,0.25068469330677406,1,0.25068469330677406,,,,,,,,,,,,,,,,,,,,,,,,,,,,0.25068469330677406,,,,,,,,,,,,,,,,,,,,,,,,,,,
2021-08-30,https://www.fool.com/investing/2021/08/30/3-beaten-down-stocks-buy-heartbeat-over-dogecoin/,0.29567801860539733,0.9223248362541199,0.32057904870722986,1,0.32057904870722986,,,,,,,,,,,,,,,,,,,,,,,,,,,,0.32057904870722986,,,,,,,,,,,,,,,,,,,,,,,,,,,
2021-08-31,https://www.fool.com/investing/2021/08/31/what-you-need-to-know-about-sec-and-china/,-0.06450587715562225,-0.9944883584976196,0.06486338085754138,1,0.06486338085754138,,,,,,,,,,,,,,,,,,,,,,,,,,,,0.06486338085754138,,,,,,,,,,,,,,,,,,,,,,,,,,,
2021-09-01,https://www.benzinga.com/news/21/09/22752405/alibaba-rebounds-in-hong-kong-despite-regulatory-woes-jd-tencent-and-nio-rivals-xpeng-li-auto-spike,0.21231061683530889,0.9299370646476746,0.22830643589386024,1,0.22830643589386024,,,,,,,,,,,,,,,,,,,,,,,,,,,,0.22830643589386024,,,,,,,,,,,,,,,,,,,,,,,,,,,
2021-09-01,https://www.benzinga.com/news/21/09/22768370/moderna-and-dexcom-lead-the-nasdaq-100,-0.3155143837407984,-0.999090313911438,0.3158016641213943,1,0.3158016641213943,,,,,,,,,,,,,,,,,,,,,,,,,,,,0.3158016641213943,,,,,,,,,,,,,,,,,,,,,,,,,,,
2021-09-02,https://www.zacks.com/stock/news/1790214/stock-market-news-for-sep-2-2021,-0.06687398847852957,-0.9913277924060822,0.0674515720494838,2,0.06617104647202766,0.06873209762693992,,,,,,,,,,,,,,,,,,,,,,,,,,,0.06617104647202766,0.06873209762693992,,,,,,,,,,,,,,,,,,,,,,,,,,
2021-09-02,https://www.fool.com/investing/2021/09/02/3-growth-stocks-thatll-make-you-richer-september/,0.19042758053269265,0.5221616625785828,0.3646908499415815,1,0.3646908499415815,,,,,,,,,,,,,,,,,,,,,,,,,,,,0.3646908499415815,,,,,,,,,,,,,,,,,,,,,,,,,,,
2021-09-02,https://www.fool.com/investing/2021/09/02/why-is-everyone-talking-about-joyy-stock/,-0.18977887980860364,-0.9982089996337891,0.19008407404883237,2,0.2586925630552449,0.12147558504241981,,,,,,,,,,,,,,,,,,,,,,,,,,,0.2586925630552449,0.12147558504241981,,,,,,,,,,,,,,,,,,,,,,,,,,
2021-09-02,https://www.benzinga.com/news/21/09/22773659/alibaba-jd-tencent-surge-and-nio-rivals-xpeng-li-auto-fall-in-mixed-hong-kong-market,-0.21885780620939754,-0.9989092350006104,0.219096789318665,1,0.219096789318665,,,,,,,,,,,,,,,,,,,,,,,,,,,,0.219096789318665,,,,,,,,,,,,,,,,,,,,,,,,,,,
2021-09-03,https://www.benzinga.com/news/21/09/22793685/alibaba-jd-tencent-and-nio-rivals-xpeng-li-auto-all-head-lower-in-hong-kong-as-regulatory-woes-take,-0.25866978647349675,-0.9992855191230774,0.2588547332302907,1,0.2588547332302907,,,,,,,,,,,,,,,,,,,,,,,,,,,,0.2588547332302907,,,,,,,,,,,,,,,,,,,,,,,,,,,
2021-09-04,https://www.marketwatch.com/story/these-robotics-and-automation-stocks-could-climb-up-to-68-in-the-next-year-11630506026,-0.4181393013183221,-0.9916251301765442,0.4212171940058271,2,0.3156503766813331,0.526784011330321,,,,,,,,,,,,,,,,,,,,,,,,,,,0.3156503766813331,0.526784011330321,,,,,,,,,,,,,,,,,,,,,,,,,,
2021-09-05,https://www.fool.com/investing/2021/09/05/why-bilibili-is-delivering-scorching-growth/,-0.2633662745126755,-0.9085726737976074,0.28986814385674853,1,0.28986814385674853,,,,,,,,,,,,,,,,,,,,,,,,,,,,0.28986814385674853,,,,,,,,,,,,,,,,,,,,,,,,,,,
2021-09-06,https://dbtnews.com/2021/09/06/baidu-inc-bidu-moved-up-0-38-why-its-important-2/,-0.03980981544523321,-0.5895662307739258,0.42320533462535287,5,0.24480449619773795,0.7555121342533202,0.0842929241553575,0.9471665102184087,0.08425060830193967,,,,,,,,,,,,,,,,,,,,,,,,0.24480449619773795,0.7555121342533202,0.0842929241553575,0.9471665102184087,0.08425060830193967,,,,,,,,,,,,,,,,,,,,,,,
2021-09-07,https://www.benzinga.com/news/21/09/22819096/alibaba-jd-tencent-and-nio-rivals-xpeng-li-auto-clock-gains-in-hong-kong-as-market-turns-optimistic,-0.27807847080756887,-0.9154276251792908,0.3037689306711777,1,0.3037689306711777,,,,,,,,,,,,,,,,,,,,,,,,,,,,0.3037689306711777,,,,,,,,,,,,,,,,,,,,,,,,,,,
2021-09-07,https://www.tickerreport.com/banking-finance/7853969/baidu-nasdaqbidu-research-coverage-started-at-kgi-securities.html,-0.8161909574021401,-0.3957719914615154,0.9904482659616693,16,2.262817444966957,4.079511910705697,4.794335727580488,1.2335919803129396,0.29656904459200695,0.06954718792193892,0.06911755536573579,0.06941773837662395,0.086442232909527,0.08164163875912528,0.06890472352173412,0.06924588673993898,1.1366910506598435,0.29951171859192155,0.08239316151256698,1.1474332528696647,,,,,,,,,,,,,2.262817444966957,4.079511910705697,4.794335727580488,1.2335919803129396,0.29656904459200695,0.06954718792193892,0.06911755536573579,0.06941773837662395,0.086442232909527,0.08164163875912528,0.06890472352173412,0.06924588673993898,1.1366910506598435,0.29951171859192155,0.08239316151256698,1.1474332528696647,,,,,,,,,,,,
2021-09-09,https://www.fool.com/investing/2021/09/09/4-perfect-stocks-down-50-from-highs-to-buy-now/,-0.5503157769684678,-0.9979758858680725,0.5514319381472679,1,0.5514319381472679,,,,,,,,,,,,,,,,,,,,,,,,,,,,0.5514319381472679,,,,,,,,,,,,,,,,,,,,,,,,,,,
2021-09-10,https://www.benzinga.com/news/21/09/22879787/alibaba-tencent-jd-and-nio-rivals-xpeng-li-auto-strike-gains-as-hang-seng-index-rebounds,0.2490859404344762,0.9656702876091003,0.2579409800949631,1,0.2579409800949631,,,,,,,,,,,,,,,,,,,,,,,,,,,,0.2579409800949631,,,,,,,,,,,,,,,,,,,,,,,,,,,
2021-09-10,https://www.dailypolitical.com/2021/09/09/baidu-inc-nasdaqbidu-receives-298-06-consensus-price-target-from-brokerages.html,-0.742546982467381,-0.39574259519577026,0.9133683299561597,16,1.248711112517737,4.001064633805864,4.739593776928255,1.2062369113187204,0.29656904459200695,0.06954718792193892,0.06911755536573579,0.06941773837662395,0.086442232909527,0.08164163875912528,0.06890472352173412,0.06924588673993898,1.1073586214722417,0.29951171859192155,0.08239316151256698,1.1181373349646173,,,,,,,,,,,,,1.248711112517737,4.001064633805864,4.739593776928255,1.2062369113187204,0.29656904459200695,0.06954718792193892,0.06911755536573579,0.06941773837662395,0.086442232909527,0.08164163875912528,0.06890472352173412,0.06924588673993898,1.1073586214722417,0.29951171859192155,0.08239316151256698,1.1181373349646173,,,,,,,,,,,,
2021-09-13,https://www.benzinga.com/news/21/09/22901618/alibaba-tencent-baidu-and-nio-rivals-xpeng-li-auto-fall-in-hong-kong-amid-concerns-of-further-crackd,-0.22843419451175587,-0.999544084072113,0.22853838880334493,1,0.22853838880334493,,,,,,,,,,,,,,,,,,,,,,,,,,,,0.22853838880334493,,,,,,,,,,,,,,,,,,,,,,,,,,,
2021-09-14,https://www.benzinga.com/news/21/09/22924667/key-takeaways-from-alibabas-investment-in-self-driving-firm-deeproute-ai,-0.24617987290350257,-0.9847729206085205,0.2499864362145343,1,0.2499864362145343,,,,,,,,,,,,,,,,,,,,,,,,,,,,0.2499864362145343,,,,,,,,,,,,,,,,,,,,,,,,,,,
2021-09-14,https://www.benzinga.com/government/21/09/22924960/breather-for-alibaba-baidu-tencent-didi-investors-from-goldman-sachs-bloomberg,-0.06484000645871547,-0.9770359396934509,0.06636399320076117,1,0.06636399320076117,,,,,,,,,,,,,,,,,,,,,,,,,,,,0.06636399320076117,,,,,,,,,,,,,,,,,,,,,,,,,,,
2021-09-14,https://www.benzinga.com/news/21/09/22923212/nio-rivals-xpeng-li-auto-fall-in-hong-kong-after-ministers-comments-alibaba-continues-to-dip-while-o,-0.22517887610727258,-0.9837982654571533,0.2288872465155608,1,0.2288872465155608,,,,,,,,,,,,,,,,,,,,,,,,,,,,0.2288872465155608,,,,,,,,,,,,,,,,,,,,,,,,,,,
2021-09-14,https://www.wkrb13.com/2021/09/14/new-silk-road-investment-pte-ltd-makes-new-6-53-million-investment-in-baidu-inc-nasdaqbidu.html,-0.7435232617701876,-0.39572055637836456,0.9144976469153728,16,1.2491178131256022,4.018727004545409,4.739593776928255,1.2062369113187204,0.29656904459200695,0.06954718792193892,0.06911755536573579,0.06941773837662395,0.086442232909527,0.08164163875912528,0.06890472352173412,0.06924588673993898,1.1073586214722417,0.29951171859192155,0.08239316151256698,1.1181373349646173,,,,,,,,,,,,,1.2491178131256022,4.018727004545409,4.739593776928255,1.2062369113187204,0.29656904459200695,0.06954718792193892,0.06911755536573579,0.06941773837662395,0.086442232909527,0.08164163875912528,0.06890472352173412,0.06924588673993898,1.1073586214722417,0.29951171859192155,0.08239316151256698,1.1181373349646173,,,,,,,,,,,,
2021-09-15,https://www.benzinga.com/news/21/09/22944320/alibaba-jd-tencent-and-nio-rival-xpeng-slide-in-mixed-hong-kong-market-li-auto-strikes-gains,-0.26373049733526416,-0.9988362193107605,0.2640377794041644,1,0.2640377794041644,,,,,,,,,,,,,,,,,,,,,,,,,,,,0.2640377794041644,,,,,,,,,,,,,,,,,,,,,,,,,,,
2021-09-16,https://www.fool.com/investing/2021/09/16/why-chinese-stock-luokung-popped-34-this-morning/,-0.43377818171848254,-0.9771695733070374,0.44391290270167333,1,0.44391290270167333,,,,,,,,,,,,,,,,,,,,,,,,,,,,0.44391290270167333,,,,,,,,,,,,,,,,,,,,,,,,,,,
2021-09-16,https://www.benzinga.com/news/21/09/22964494/alibaba-jd-tencent-and-nio-rivals-xpeng-li-auto-fall-in-hong-kong-amid-market-wide-slump-fueled-by-c,-0.22760178482799054,-0.9979252815246582,0.22807497619486516,1,0.22807497619486516,,,,,,,,,,,,,,,,,,,,,,,,,,,,0.22807497619486516,,,,,,,,,,,,,,,,,,,,,,,,,,,
2021-09-17,https://www.benzinga.com/news/21/09/22982786/alibaba-jd-tencent-and-nio-rival-xpeng-strike-gains-in-hong-kong-shrugging-off-regulatory-concerns,-0.21952630388970715,-0.9985576272010803,0.21984340002993233,1,0.21984340002993233,,,,,,,,,,,,,,,,,,,,,,,,,,,,0.21984340002993233,,,,,,,,,,,,,,,,,,,,,,,,,,,
2021-09-17,https://www.benzinga.com/trading-ideas/long-ideas/21/09/22985438/baidu-gilead-sciences-and-nvidia-stocks-provide-plays-for-both-bulls-and-bears-heres-how,-0.06924492354638413,-0.9976083040237427,0.0694109333964968,1,0.0694109333964968,,,,,,,,,,,,,,,,,,,,,,,,,,,,0.0694109333964968,,,,,,,,,,,,,,,,,,,,,,,,,,,
2021-09-17,https://www.benzinga.com/government/21/09/22984352/chinese-stocks-gain-steam-as-tencents-wechat-agrees-to-allow-external-links,-0.2620683534775791,-0.9915429353713989,0.2643035859858323,1,0.2643035859858323,,,,,,,,,,,,,,,,,,,,,,,,,,,,0.2643035859858323,,,,,,,,,,,,,,,,,,,,,,,,,,,
2021-09-19,https://www.tickerreport.com/banking-finance/7897437/spotlight-asset-group-inc-purchases-new-shares-in-baidu-inc-nasdaqbidu.html,-0.7443397852524773,-0.3958054557442665,0.9149187810015399,16,1.249932049713617,4.0246509133360675,4.739593776928255,1.2062369113187204,0.29656904459200695,0.06954718792193892,0.06911755536573579,0.06941773837662395,0.086442232909527,0.08164163875912528,0.06890472352173412,0.06924588673993898,1.1073586214722417,0.29951171859192155,0.08239316151256698,1.1181373349646173,,,,,,,,,,,,,1.249932049713617,4.0246509133360675,4.739593776928255,1.2062369113187204,0.29656904459200695,0.06954718792193892,0.06911755536573579,0.06941773837662395,0.086442232909527,0.08164163875912528,0.06890472352173412,0.06924588673993898,1.1073586214722417,0.29951171859192155,0.08239316151256698,1.1181373349646173,,,,,,,,,,,,
2021-09-19,https://www.fool.com/investing/2021/09/19/3-winning-stocks-down-33-to-buy-hand-over-fist/,-0.21300275141363867,-0.6671248078346252,0.3192847109149032,1,0.3192847109149032,,,,,,,,,,,,,,,,,,,,,,,,,,,,0.3192847109149032,,,,,,,,,,,,,,,,,,,,,,,,,,,
2021-09-20,https://www.benzinga.com/news/21/09/23004497/alibaba-jd-tencent-and-nio-rivals-xpeng-li-auto-all-tumble-as-hang-seng-index-crashes-amid-evergrand,-0.22958489084650618,-0.9994744658470154,0.22970560898916212,1,0.22970560898916212,,,,,,,,,,,,,,,,,,,,,,,,,,,,0.22970560898916212,,,,,,,,,,,,,,,,,,,,,,,,,,,
2021-09-21,https://dbtnews.com/2021/09/21/baidu-inc-bidu-is-28-55-lower-this-ytd-is-it-still-time-to-buy/,0.1260363866977427,-0.14812416689736502,0.34595995827406917,7,0.07033392480091828,0.07042246421140708,0.08877771172568312,0.8298865038762524,0.5411903498672498,0.7423688922111791,0.07873986122579418,,,,,,,,,,,,,,,,,,,,,,0.07033392480091828,0.07042246421140708,0.08877771172568312,0.8298865038762524,0.5411903498672498,0.7423688922111791,0.07873986122579418,,,,,,,,,,,,,,,,,,,,,
2021-09-22,https://www.fool.com/investing/2021/09/22/investing-in-china-what-expert-wants-you-to-know/,-0.0719424071834873,-0.9946325123310089,0.07234145735042977,2,0.07901567108155368,0.06566724361930586,,,,,,,,,,,,,,,,,,,,,,,,,,,0.07901567108155368,0.06566724361930586,,,,,,,,,,,,,,,,,,,,,,,,,,
2021-09-22,https://www.fool.com/investing/2021/09/22/3-great-stocks-you-can-buy-on-sale/,0.08549235016595001,0.9685525894165039,0.08826815508020493,1,0.08826815508020493,,,,,,,,,,,,,,,,,,,,,,,,,,,,0.08826815508020493,,,,,,,,,,,,,,,,,,,,,,,,,,,
2021-09-23,https://www.zacks.com/stock/news/1800330/baidu-inc-bidu-gains-but-lags-market-what-you-should-know,1.1371906774915932,0.6594908833503723,1.7243463195645572,1,1.7243463195645572,,,,,,,,,,,,,,,,,,,,,,,,,,,,1.7243463195645572,,,,,,,,,,,,,,,,,,,,,,,,,,,
2021-09-24,https://news.yahoo.com/why-baidu-shares-falling-183114603.html,-0.6584823807063969,-0.9989732503890991,0.6591591721299029,1,0.6591591721299029,,,,,,,,,,,,,,,,,,,,,,,,,,,,0.6591591721299029,,,,,,,,,,,,,,,,,,,,,,,,,,,
2021-09-24,https://www.benzinga.com/government/21/09/23086628/joyy-shares-plunge-over-baidus-takeover-concerns-reuters,-0.08501967661259953,-0.9980124235153198,0.08518899625831607,1,0.08518899625831607,,,,,,,,,,,,,,,,,,,,,,,,,,,,0.08518899625831607,,,,,,,,,,,,,,,,,,,,,,,,,,,
2021-09-25,https://www.fool.com/investing/2021/09/25/snap-up-these-3-chinese-stocks-before-the-next-eve/,-0.02079655207854868,-0.3134738604227702,0.08490304346443502,3,0.06724787903000078,0.09336765803325685,0.09409359333004745,,,,,,,,,,,,,,,,,,,,,,,,,,0.06724787903000078,0.09336765803325685,0.09409359333004745,,,,,,,,,,,,,,,,,,,,,,,,,
2021-09-25,https://www.wkrb13.com/2021/09/25/ergoteles-llc-makes-new-investment-in-baidu-inc-nasdaqbidu.html,-0.7411262899028831,-0.39207202568650246,0.9135450023787762,16,1.248711112517737,4.003019066193255,4.739593776928255,1.2062369113187204,0.29748307074271696,0.0695039844632037,0.06911755536573579,0.06937469554933137,0.0864867794193181,0.08164163875912528,0.06890472352173412,0.06924588673993898,1.1073586214722417,0.29951171859192155,0.08239316151256698,1.1181373349646173,,,,,,,,,,,,,1.248711112517737,4.003019066193255,4.739593776928255,1.2062369113187204,0.29748307074271696,0.0695039844632037,0.06911755536573579,0.06937469554933137,0.0864867794193181,0.08164163875912528,0.06890472352173412,0.06924588673993898,1.1073586214722417,0.29951171859192155,0.08239316151256698,1.1181373349646173,,,,,,,,,,,,
2021-09-25,https://www.wkrb13.com/2021/09/25/ergoteles-llc-makes-new-14-66-million-investment-in-baidu-inc-nasdaqbidu.html,-0.7434284859434651,-0.39250919222831726,0.9151989599807848,16,1.2515638724817209,4.026629627861409,4.739593776928255,1.2062369113187204,0.29748307074271696,0.0695039844632037,0.06911755536573579,0.06937469554933137,0.0864867794193181,0.08164163875912528,0.06890472352173412,0.06924588673993898,1.1073586214722417,0.29951171859192155,0.08239316151256698,1.1181373349646173,,,,,,,,,,,,,1.2515638724817209,4.026629627861409,4.739593776928255,1.2062369113187204,0.29748307074271696,0.0695039844632037,0.06911755536573579,0.06937469554933137,0.0864867794193181,0.08164163875912528,0.06890472352173412,0.06924588673993898,1.1073586214722417,0.29951171859192155,0.08239316151256698,1.1181373349646173,,,,,,,,,,,,
2021-09-25,https://www.marketwatch.com/story/these-stocks-are-in-bear-market-territory-but-wall-street-expects-them-to-soar-as-much-as-68-11632319597,-0.06511810605143742,-0.9236017465591431,0.07050452892064508,1,0.07050452892064508,,,,,,,,,,,,,,,,,,,,,,,,,,,,0.07050452892064508,,,,,,,,,,,,,,,,,,,,,,,,,,,
2021-09-28,https://www.fool.com/investing/2021/09/28/china-antitrust-regulators-derail-baidu-bid-joyy/,-0.16869171267877303,-0.9810310363769531,0.17469584357812046,5,0.069807212308513,0.08084486209303764,0.0880267064357333,0.548471743242943,0.08632869381037518,,,,,,,,,,,,,,,,,,,,,,,,0.069807212308513,0.08084486209303764,0.0880267064357333,0.548471743242943,0.08632869381037518,,,,,,,,,,,,,,,,,,,,,,,
2021-09-29,https://www.fool.com/investing/2021/09/29/2-top-tech-stocks-to-buy-during-a-recession/,-0.09188767420751716,-0.9949755668640137,0.09235168909436721,1,0.09235168909436721,,,,,,,,,,,,,,,,,,,,,,,,,,,,0.09235168909436721,,,,,,,,,,,,,,,,,,,,,,,,,,,
2021-09-29,https://www.benzinga.com/news/21/09/23147953/alibaba-jd-and-nio-rivals-xpeng-li-auto-all-decline-as-hong-kong-markets-extend-losses,-0.2290228082834657,-0.9995738863945007,0.22912043962008577,1,0.22912043962008577,,,,,,,,,,,,,,,,,,,,,,,,,,,,0.22912043962008577,,,,,,,,,,,,,,,,,,,,,,,,,,,
2021-09-30,https://www.marketwatch.com/story/facebook-alphabet-and-twitter-are-among-the-worst-internet-stocks-for-investors-right-now-these-are-the-best-says-citi-11633000070,0.6306233272373447,0.9009538888931274,0.6999507244617157,1,0.6999507244617157,,,,,,,,,,,,,,,,,,,,,,,,,,,,0.6999507244617157,,,,,,,,,,,,,,,,,,,,,,,,,,,
2021-09-30,https://www.fool.com/investing/2021/09/30/is-it-too-risky-to-invest-in-chinese-stocks/,-0.06403612625286732,-0.9958321452140808,0.06430413655616735,1,0.06430413655616735,,,,,,,,,,,,,,,,,,,,,,,,,,,,0.06430413655616735,,,,,,,,,,,,,,,,,,,,,,,,,,,
2021-10-02,https://www.marketwatch.com/story/more-than-a-quarter-of-nasdaq-100-stocks-are-in-bear-markets-wall-street-sees-a-buying-opportunity-11632918792,-0.7258925830884596,-0.9884430766105652,0.7343797536400294,1,0.7343797536400294,,,,,,,,,,,,,,,,,,,,,,,,,,,,0.7343797536400294,,,,,,,,,,,,,,,,,,,,,,,,,,,
2021-10-04,https://www.com-unik.info/2021/10/04/shelton-capital-management-sells-2800-shares-of-baidu-inc-nasdaqbidu.html,-0.6916647419822316,-0.4307567231795367,0.8485415237840528,17,1.2064897253057534,3.810766218476103,0.21582315017412884,4.672689651058908,1.172804288671042,0.29656904459200695,0.06954718792193892,0.06911755536573579,0.06941773837662395,0.086442232909527,0.08164163875912528,0.06890472352173412,0.06924588673993898,1.0715093228805959,0.29951171859192155,0.08239316151256698,1.0823326594712457,,,,,,,,,,,,1.2064897253057534,3.810766218476103,0.21582315017412884,4.672689651058908,1.172804288671042,0.29656904459200695,0.06954718792193892,0.06911755536573579,0.06941773837662395,0.086442232909527,0.08164163875912528,0.06890472352173412,0.06924588673993898,1.0715093228805959,0.29951171859192155,0.08239316151256698,1.0823326594712457,,,,,,,,,,,
2021-10-06,https://www.zacks.com/stock/news/1807024/baidu-inc-bidu-stock-sinks-as-market-gains-what-you-should-know,-2.277072673394647,-0.9750266671180725,2.3353952770595363,1,2.3353952770595363,,,,,,,,,,,,,,,,,,,,,,,,,,,,2.3353952770595363,,,,,,,,,,,,,,,,,,,,,,,,,,,
2021-10-07,https://www.benzinga.com/government/21/10/23276355/why-are-alibaba-baidu-and-other-chinese-stocks-trading-higher-in-thursday-premarket,0.06284182577306242,0.9918642044067383,0.06335728771525723,1,0.06335728771525723,,,,,,,,,,,,,,,,,,,,,,,,,,,,0.06335728771525723,,,,,,,,,,,,,,,,,,,,,,,,,,,
2021-10-07,https://www.fool.com/investing/2021/10/07/these-nasdaq-stocks-are-leading-the-charge-thursda/,1.2923292413340846,0.9886801242828369,1.3071257422834377,1,1.3071257422834377,,,,,,,,,,,,,,,,,,,,,,,,,,,,1.3071257422834377,,,,,,,,,,,,,,,,,,,,,,,,,,,
2021-10-07,https://www.fool.com/investing/2021/10/07/why-jdcom-stock-surged-on-thursday/,-0.07978297301719567,-0.9976046085357666,0.07997454335570589,1,0.07997454335570589,,,,,,,,,,,,,,,,,,,,,,,,,,,,0.07997454335570589,,,,,,,,,,,,,,,,,,,,,,,,,,,
2021-10-08,https://www.benzinga.com/news/21/10/23300611/why-baidu-shares-are-rising,-0.3496080133155579,-0.9472542405128479,0.36907516310117383,1,0.36907516310117383,,,,,,,,,,,,,,,,,,,,,,,,,,,,0.36907516310117383,,,,,,,,,,,,,,,,,,,,,,,,,,,
2021-10-08,https://www.forbes.com/sites/greatspeculations/2021/10/08/is-baidus-stock-cheap-at-150/,-0.13385510198775055,-0.3737473686536153,0.2245274770366598,9,0.29344688725174367,0.10843335058789888,0.2270919305022916,0.7112200173168102,0.08624213431423745,0.08536479555996014,0.09006645909910325,0.11440724300370966,0.3044744756941835,,,,,,,,,,,,,,,,,,,,0.29344688725174367,0.10843335058789888,0.2270919305022916,0.7112200173168102,0.08624213431423745,0.08536479555996014,0.09006645909910325,0.11440724300370966,0.3044744756941835,,,,,,,,,,,,,,,,,,,
2021-10-08,https://macondaily.com/2018/12/25/baidu-bidu-lowered-to-c-at-thestreet.html,-0.8161909574021401,-0.3957719914615154,0.9904482659616693,16,2.262817444966957,4.079511910705697,4.794335727580488,1.2335919803129396,0.29656904459200695,0.06954718792193892,0.06911755536573579,0.06941773837662395,0.086442232909527,0.08164163875912528,0.06890472352173412,0.06924588673993898,1.1366910506598435,0.29951171859192155,0.08239316151256698,1.1474332528696647,,,,,,,,,,,,,2.262817444966957,4.079511910705697,4.794335727580488,1.2335919803129396,0.29656904459200695,0.06954718792193892,0.06911755536573579,0.06941773837662395,0.086442232909527,0.08164163875912528,0.06890472352173412,0.06924588673993898,1.1366910506598435,0.29951171859192155,0.08239316151256698,1.1474332528696647,,,,,,,,,,,,
2021-10-09,https://www.tickerreport.com/banking-finance/7964730/axa-s-a-boosts-stake-in-baidu-inc-nasdaqbidu.html,-0.7440561491865255,-0.3957510106265545,0.9148717044033191,16,1.2511554973657026,4.022674240112449,4.739593776928255,1.2062369113187204,0.29656904459200695,0.06954718792193892,0.06911755536573579,0.06941773837662395,0.086442232909527,0.08164163875912528,0.06890472352173412,0.06924588673993898,1.1073586214722417,0.29951171859192155,0.08239316151256698,1.1181373349646173,,,,,,,,,,,,,1.2511554973657026,4.022674240112449,4.739593776928255,1.2062369113187204,0.29656904459200695,0.06954718792193892,0.06911755536573579,0.06941773837662395,0.086442232909527,0.08164163875912528,0.06890472352173412,0.06924588673993898,1.1073586214722417,0.29951171859192155,0.08239316151256698,1.1181373349646173,,,,,,,,,,,,
2021-10-09,https://www.tickerreport.com/banking-finance/7965089/lavaca-capital-llc-takes-1-08-million-position-in-baidu-inc-nasdaqbidu.html,-0.7444917047640406,-0.39579707384109497,0.9151444395823802,16,1.2515638724817209,4.026629627861409,4.739593776928255,1.2062369113187204,0.29656904459200695,0.06954718792193892,0.06911755536573579,0.06941773837662395,0.086442232909527,0.08164163875912528,0.06890472352173412,0.06924588673993898,1.1073586214722417,0.29951171859192155,0.08239316151256698,1.1181373349646173,,,,,,,,,,,,,1.2515638724817209,4.026629627861409,4.739593776928255,1.2062369113187204,0.29656904459200695,0.06954718792193892,0.06911755536573579,0.06941773837662395,0.086442232909527,0.08164163875912528,0.06890472352173412,0.06924588673993898,1.1073586214722417,0.29951171859192155,0.08239316151256698,1.1181373349646173,,,,,,,,,,,,
2021-10-11,https://www.marketwatch.com/story/a-california-investment-firm-went-from-near-ruin-to-managing-over-100-billion-its-turnaround-may-offer-solutions-to-the-great-resignation-11633718948,-0.4235237561341245,-0.9619972109794617,0.4402546611366076,1,0.4402546611366076,,,,,,,,,,,,,,,,,,,,,,,,,,,,0.4402546611366076,,,,,,,,,,,,,,,,,,,,,,,,,,,
2021-10-11,https://www.marketwatch.com/story/why-the-new-sec-sheriff-could-be-trouble-for-companies-like-tesla-11633951083,-0.06497035311926154,-0.9964224696159363,0.06520362105473583,1,0.06520362105473583,,,,,,,,,,,,,,,,,,,,,,,,,,,,0.06520362105473583,,,,,,,,,,,,,,,,,,,,,,,,,,,
2021-10-11,https://www.wkrb13.com/2021/10/11/robbins-farley-llc-increases-holdings-in-baidu-inc-nasdaqbidu.html,-0.7436843461818988,-0.39572522416710854,0.9146250021803791,16,1.2511554973657026,4.018727004545409,4.739593776928255,1.2062369113187204,0.29656904459200695,0.06954718792193892,0.06911755536573579,0.06941773837662395,0.086442232909527,0.08164163875912528,0.06890472352173412,0.06924588673993898,1.1073586214722417,0.29951171859192155,0.08239316151256698,1.1181373349646173,,,,,,,,,,,,,1.2511554973657026,4.018727004545409,4.739593776928255,1.2062369113187204,0.29656904459200695,0.06954718792193892,0.06911755536573579,0.06941773837662395,0.086442232909527,0.08164163875912528,0.06890472352173412,0.06924588673993898,1.1073586214722417,0.29951171859192155,0.08239316151256698,1.1181373349646173,,,,,,,,,,,,
2021-10-12,https://dbtnews.com/2021/10/12/baidu-inc-bidu-fell-25-01-so-far-this-year-what-now/,-0.3228055987157994,-0.4507596790790558,0.5743309782823254,8,0.07046687628435525,0.07055575087878738,0.08867224658465502,0.8611576963622234,1.150087032714084,0.9255382715435103,0.7445862589565873,0.6835836929343999,,,,,,,,,,,,,,,,,,,,,0.07046687628435525,0.07055575087878738,0.08867224658465502,0.8611576963622234,1.150087032714084,0.9255382715435103,0.7445862589565873,0.6835836929343999,,,,,,,,,,,,,,,,,,,,
2021-10-15,https://www.fool.com/investing/2021/10/15/why-futu-fell-26-this-week/,-0.2701685707876815,-0.9995105266571045,0.27030087586097673,1,0.27030087586097673,,,,,,,,,,,,,,,,,,,,,,,,,,,,0.27030087586097673,,,,,,,,,,,,,,,,,,,,,,,,,,,
2021-10-18,https://www.benzinga.com/news/21/10/23421371/alibaba-to-unveil-in-house-server-chip-in-a-bid-to-strengthen-cloud-business-report,-0.20903661029613335,-0.9955241680145264,0.20997642951555462,1,0.20997642951555462,,,,,,,,,,,,,,,,,,,,,,,,,,,,0.20997642951555462,,,,,,,,,,,,,,,,,,,,,,,,,,,
2021-10-18,https://www.fool.com/investing/2021/10/18/2-stocks-making-waves-as-the-market-treads-water/,-0.12702656313653343,-0.9727783600489298,0.13186206626382838,3,0.0697633750249865,0.08499673375460946,0.24082609001188918,,,,,,,,,,,,,,,,,,,,,,,,,,0.0697633750249865,0.08499673375460946,0.24082609001188918,,,,,,,,,,,,,,,,,,,,,,,,,
2021-10-19,https://www.benzinga.com/news/21/10/23441957/chinese-streamer-iqiyi-previews-260-title-slate-but-dont-expect-a-squid-game-style-breakout-show,-0.21403738839167724,-0.9929590225219727,0.2155551070456595,1,0.2155551070456595,,,,,,,,,,,,,,,,,,,,,,,,,,,,0.2155551070456595,,,,,,,,,,,,,,,,,,,,,,,,,,,
2021-10-20,https://www.zacks.com/stock/news/1813198/stock-market-news-for-oct-20-2021,-0.06482893979762025,-0.9802321493625641,0.06608396018682093,2,0.0629681879698977,0.06919973240374416,,,,,,,,,,,,,,,,,,,,,,,,,,,0.0629681879698977,0.06919973240374416,,,,,,,,,,,,,,,,,,,,,,,,,,
2021-10-22,https://www.benzinga.com/news/21/10/23510230/tencent-resolves-loopholes-leading-to-wechat-access-via-google-bing-report,-0.24268909309591966,-0.9991268515586853,0.2429011818842754,1,0.2429011818842754,,,,,,,,,,,,,,,,,,,,,,,,,,,,0.2429011818842754,,,,,,,,,,,,,,,,,,,,,,,,,,,
2021-10-22,https://ca.news.yahoo.com/opportunity-baidu-inc-nasdaq-bidu-181213162.html,-0.5435700268710548,-0.998496025800705,0.5444778101568312,4,0.6933845705454705,0.8676567807973259,0.06660674994392943,0.5502631393405989,,,,,,,,,,,,,,,,,,,,,,,,,0.6933845705454705,0.8676567807973259,0.06660674994392943,0.5502631393405989,,,,,,,,,,,,,,,,,,,,,,,,
2021-10-22,https://www.fool.com/investing/2021/10/22/why-baidu-shares-are-surging-11-so-far-this-week/,-0.29561055559998156,-0.9956503510475159,0.296808277392387,2,0.13361916013493075,0.45999739464984324,,,,,,,,,,,,,,,,,,,,,,,,,,,0.13361916013493075,0.45999739464984324,,,,,,,,,,,,,,,,,,,,,,,,,,
2021-10-25,https://www.dailypolitical.com/2021/10/25/enlightenment-research-llc-makes-new-investment-in-baidu-inc-nasdaqbidu.html,-0.7873406197271628,-0.395711962133646,0.9582384380318184,16,1.9607635238299927,4.006933951704147,4.739593776928255,1.2062369113187204,0.29656904459200695,0.06954718792193892,0.06911755536573579,0.06941773837662395,0.086442232909527,0.08164163875912528,0.06890472352173412,0.06924588673993898,1.1073586214722417,0.29951171859192155,0.08239316151256698,1.1181373349646173,,,,,,,,,,,,,1.9607635238299927,4.006933951704147,4.739593776928255,1.2062369113187204,0.29656904459200695,0.06954718792193892,0.06911755536573579,0.06941773837662395,0.086442232909527,0.08164163875912528,0.06890472352173412,0.06924588673993898,1.1073586214722417,0.29951171859192155,0.08239316151256698,1.1181373349646173,,,,,,,,,,,,
2021-10-27,https://marketingsentinel.com/2021/10/27/baidu-inc-nasdaq-bidu-todays-most-watched-stocks/,-0.20747865911189883,-0.6066640360014779,0.29615166836487844,7,0.07046672947928052,0.1339470396312934,0.08075736574132807,0.3304158793994072,0.5467658489431788,0.821825424175608,0.08888339118405311,,,,,,,,,,,,,,,,,,,,,,0.07046672947928052,0.1339470396312934,0.08075736574132807,0.3304158793994072,0.5467658489431788,0.821825424175608,0.08888339118405311,,,,,,,,,,,,,,,,,,,,,
2021-10-27,https://www.zacks.com/stock/news/1818110/baidu-inc-bidu-dips-more-than-broader-markets-what-you-should-know,1.3711068042263947,0.5867564082145691,2.336756420604782,1,2.336756420604782,,,,,,,,,,,,,,,,,,,,,,,,,,,,2.336756420604782,,,,,,,,,,,,,,,,,,,,,,,,,,,
2021-10-29,https://www.benzinga.com/news/21/10/23733768/alibaba-tencent-baidu-and-nio-rival-xpeng-dip-as-hang-seng-index-extends-losses,-0.22851493654483176,-0.9993894100189209,0.22865455072263113,1,0.22865455072263113,,,,,,,,,,,,,,,,,,,,,,,,,,,,0.22865455072263113,,,,,,,,,,,,,,,,,,,,,,,,,,,
2021-10-29,https://www.tickerreport.com/banking-finance/8037534/baidu-inc-nasdaqbidu-shares-sold-by-virtu-financial-llc.html,-0.8151277385815647,-0.3924841098487377,0.9905027863600739,16,2.262817444966957,4.079511910705697,4.794335727580488,1.2335919803129396,0.29748307074271696,0.0695039844632037,0.06911755536573579,0.06937469554933137,0.0864867794193181,0.08164163875912528,0.06890472352173412,0.06924588673993898,1.1366910506598435,0.29951171859192155,0.08239316151256698,1.1474332528696647,,,,,,,,,,,,,2.262817444966957,4.079511910705697,4.794335727580488,1.2335919803129396,0.29748307074271696,0.0695039844632037,0.06911755536573579,0.06937469554933137,0.0864867794193181,0.08164163875912528,0.06890472352173412,0.06924588673993898,1.1366910506598435,0.29951171859192155,0.08239316151256698,1.1474332528696647,,,,,,,,,,,,
2021-11-03,https://dbtnews.com/2021/11/03/baidu-inc-bidu-stock-reiterated-by-oppenheimer-analyst-price-target-now-320-2/,-0.4585730561908166,-0.6570273737112681,0.7070427670681658,6,0.09062087439848619,0.6584420185726374,1.1500870168079182,0.9204926174000791,0.7390303975581991,0.6835836776716749,,,,,,,,,,,,,,,,,,,,,,,0.09062087439848619,0.6584420185726374,1.1500870168079182,0.9204926174000791,0.7390303975581991,0.6835836776716749,,,,,,,,,,,,,,,,,,,,,,
2021-11-03,https://www.zacks.com/stock/news/1823061/baidu-inc-bidu-outpaces-stock-market-gains-what-you-should-know,2.195425664434092,0.9406135678291321,2.334035718303506,1,2.334035718303506,,,,,,,,,,,,,,,,,,,,,,,,,,,,2.334035718303506,,,,,,,,,,,,,,,,,,,,,,,,,,,
2021-11-03,https://www.tickerreport.com/banking-finance/8058489/contrasting-alfi-nasdaqalf-baidu-nasdaqbidu.html,-0.7415576322114749,-0.39245808124542236,0.913494216923408,16,1.2478985452318456,4.003019066193255,4.739593776928255,1.2062369113187204,0.29748307074271696,0.0695039844632037,0.06911755536573579,0.06937469554933137,0.0864867794193181,0.08164163875912528,0.06890472352173412,0.06924588673993898,1.1073586214722417,0.29951171859192155,0.08239316151256698,1.1181373349646173,,,,,,,,,,,,,1.2478985452318456,4.003019066193255,4.739593776928255,1.2062369113187204,0.29748307074271696,0.0695039844632037,0.06911755536573579,0.06937469554933137,0.0864867794193181,0.08164163875912528,0.06890472352173412,0.06924588673993898,1.1073586214722417,0.29951171859192155,0.08239316151256698,1.1181373349646173,,,,,,,,,,,,
2021-11-04,https://www.fool.com/investing/2021/11/04/is-iqiyi-stock-a-buy/,-1.7750545037411902,-0.9995850920677185,1.7757465146063593,2,0.06902894895875135,3.4824640802539673,,,,,,,,,,,,,,,,,,,,,,,,,,,0.06902894895875135,3.4824640802539673,,,,,,,,,,,,,,,,,,,,,,,,,,
2021-11-09,https://www.zacks.com/stock/news/1826174/baidu-inc-bidu-gains-as-market-dips-what-you-should-know,-1.7131511388012757,-0.9978919625282288,1.7167701546176282,1,1.7167701546176282,,,,,,,,,,,,,,,,,,,,,,,,,,,,1.7167701546176282,,,,,,,,,,,,,,,,,,,,,,,,,,,
2021-11-11,https://www.investing.com/analysis/baidu-3-trades-to-take-advantage-of-recent-price-slip-200607994,-0.5535243237117141,-0.6170397162437439,0.7263611752893683,5,0.44949132639684286,2.5431776067004725,0.2605792232459258,0.07946676291934943,0.29909095718425044,,,,,,,,,,,,,,,,,,,,,,,,0.44949132639684286,2.5431776067004725,0.2605792232459258,0.07946676291934943,0.29909095718425044,,,,,,,,,,,,,,,,,,,,,,,
2021-11-14,https://www.nasdaq.com/articles/what-type-of-shareholders-own-the-most-number-of-baidu-inc.-nasdaq%3Abidu-shares-2021-11-14,-0.4975119144050609,-0.32819950580596924,0.69232311678042,3,0.6932183265997468,0.28561589141960775,1.0981351323219057,,,,,,,,,,,,,,,,,,,,,,,,,,0.6932183265997468,0.28561589141960775,1.0981351323219057,,,,,,,,,,,,,,,,,,,,,,,,,
2021-11-15,https://www.fool.com/investing/2021/11/15/netease-baidu-and-alibaba-have-a-lot-to-prove-this/,0.1090627040034514,0.8783177932103475,0.14191418229168493,3,0.06852390334495094,0.2791118389469149,0.0781068045831889,,,,,,,,,,,,,,,,,,,,,,,,,,0.06852390334495094,0.2791118389469149,0.0781068045831889,,,,,,,,,,,,,,,,,,,,,,,,,
2021-11-15,https://www.zacks.com/stock/news/1827933/baidu-bidu-to-report-q3-earnings-whats-in-the-offing,0.019354630488518747,-0.426729420820872,0.13442005506214885,3,0.26998400952107215,0.06368696587296716,0.06958918979240726,,,,,,,,,,,,,,,,,,,,,,,,,,0.26998400952107215,0.06368696587296716,0.06958918979240726,,,,,,,,,,,,,,,,,,,,,,,,,
2021-11-17,https://www.rttnews.com/3242992/baidu-q3-adj-net-income-declines-ai-cloud-revenue-up-73.aspx,0.03558147236333215,-0.32733583450317383,0.15585966845930924,3,0.08875986547601414,0.2865478029206134,0.09227133698130019,,,,,,,,,,,,,,,,,,,,,,,,,,0.08875986547601414,0.2865478029206134,0.09227133698130019,,,,,,,,,,,,,,,,,,,,,,,,,
2021-11-17,https://marketingsentinel.com/2021/11/17/baidu-inc-nasdaq-bidu-stock-does-it-have-room-to-grow/,-0.2207590875236992,-0.8910007987703595,0.289444545965167,7,0.07046670011833898,0.13379842889400173,0.08072819752974301,0.28365995206891914,0.5467658204263761,0.8218093685692367,0.0888833541495537,,,,,,,,,,,,,,,,,,,,,,0.07046670011833898,0.13379842889400173,0.08072819752974301,0.28365995206891914,0.5467658204263761,0.8218093685692367,0.0888833541495537,,,,,,,,,,,,,,,,,,,,,
2021-11-17,https://www.fool.com/earnings/call-transcripts/2021/11/17/baidu-inc-bidu-q3-2021-earnings-call-transcript/,0.09705082213968289,0.26710487050669535,0.2452506499139799,28,0.07029001357758176,0.28038669026099255,0.09354333072642633,0.2781906488339347,0.2788218242233257,0.4243013739307666,0.2992855756323556,0.2922529162587442,0.26841531402204943,0.319140163278613,0.32176913403676266,0.08732299403299625,0.09108260559424408,0.4129462312376114,0.08771664136964039,0.06609609800896171,0.0789067638504482,0.06633120949627017,0.06637055745817094,0.2385259088255542,1.0680449335928057,0.08771664136964039,0.06559236394799439,0.06574653932991839,0.21659797463780567,0.08811385385963115,0.11040929817987513,1.0431005980183174,0.07029001357758176,0.28038669026099255,0.09354333072642633,0.2781906488339347,0.2788218242233257,0.4243013739307666,0.2992855756323556,0.2922529162587442,0.26841531402204943,0.319140163278613,0.32176913403676266,0.08732299403299625,0.09108260559424408,0.4129462312376114,0.08771664136964039,0.06609609800896171,0.0789067638504482,0.06633120949627017,0.06637055745817094,0.2385259088255542,1.0680449335928057,0.08771664136964039,0.06559236394799439,0.06574653932991839,0.21659797463780567,0.08811385385963115,0.11040929817987513,1.0431005980183174
2021-11-17,https://www.chron.com/business/article/Baidu-Inc-Q3-Earnings-Snapshot-16627658.php,-0.07512828031971763,-0.9956355690956116,0.07548127860759206,2,0.06950180401872555,0.08146075319645857,,,,,,,,,,,,,,,,,,,,,,,,,,,0.06950180401872555,0.08146075319645857,,,,,,,,,,,,,,,,,,,,,,,,,,
2021-11-17,https://newsheater.com/2021/11/17/heres-how-your-trade-baidu-inc-bidu-aggressively-right-now-2/,-0.17976470989331164,-0.9585515757401785,0.18533672660545097,6,0.07051099178193894,0.3246662074384576,0.5105386781876202,0.06848253156236882,0.06959000165952259,0.06823194900279754,,,,,,,,,,,,,,,,,,,,,,,0.07051099178193894,0.3246662074384576,0.5105386781876202,0.06848253156236882,0.06959000165952259,0.06823194900279754,,,,,,,,,,,,,,,,,,,,,,
2021-11-18,https://www.smarteranalyst.com/yahoo/baidu-slips-5-5-as-q3-revenues-miss-expectations/,-0.7798637063122431,-0.9837740063667297,0.7984727141636333,2,0.4367983276165905,1.160147100710676,,,,,,,,,,,,,,,,,,,,,,,,,,,0.4367983276165905,1.160147100710676,,,,,,,,,,,,,,,,,,,,,,,,,,
2021-11-18,https://www.benzinga.com/news/21/11/24163405/baidu-goes-aggressive-on-robotaxi-launch-to-diversify,-0.09199229915461724,-0.9921148419380188,0.09272343812024571,1,0.09272343812024571,,,,,,,,,,,,,,,,,,,,,,,,,,,,0.09272343812024571,,,,,,,,,,,,,,,,,,,,,,,,,,,
2021-11-19,https://www.fool.com/investing/2021/11/19/3-reasons-to-buy-baidu-and-1-reason-to-sell/,-0.09436536800920248,-0.6702738006909689,0.19994304109099473,6,0.069720427903756,0.08849695724392675,0.06928865823081275,0.32437110925586693,0.3196213520363699,0.3281597418752362,,,,,,,,,,,,,,,,,,,,,,,0.069720427903756,0.08849695724392675,0.06928865823081275,0.32437110925586693,0.3196213520363699,0.3281597418752362,,,,,,,,,,,,,,,,,,,,,,
2021-11-19,https://www.benzinga.com/news/21/11/24188374/baidu-swiss-re-collaborate-over-autonomous-driving,0.2633067536685163,0.9782108664512634,0.26917177338638243,1,0.26917177338638243,,,,,,,,,,,,,,,,,,,,,,,,,,,,0.26917177338638243,,,,,,,,,,,,,,,,,,,,,,,,,,,
2021-11-21,https://www.benzinga.com/news/21/11/24212220/chinese-regulators-at-it-again-tech-stalwarts-including-alibaba-tencent-and-baidu-fined-3-4m-for-vio,-0.06337307515413677,-0.9991162419319153,0.06342913116055152,1,0.06342913116055152,,,,,,,,,,,,,,,,,,,,,,,,,,,,0.06342913116055152,,,,,,,,,,,,,,,,,,,,,,,,,,,
2021-11-22,https://www.benzinga.com/news/21/11/24231619/is-more-trouble-brewing-for-alibaba-its-tech-counterparts-beijing-reportedly-considers-data-tax,-0.1322956974670183,-0.9991273283958435,0.13241124900409507,1,0.13241124900409507,,,,,,,,,,,,,,,,,,,,,,,,,,,,0.13241124900409507,,,,,,,,,,,,,,,,,,,,,,,,,,,
2021-11-24,https://www.marketwatch.com/story/alibaba-stock-just-suffered-the-biggest-5-day-selloff-in-its-history-but-susquehanna-analyst-stays-positive-11637773306,-0.06360786597351199,-0.9988378882408142,0.0636818714251421,1,0.0636818714251421,,,,,,,,,,,,,,,,,,,,,,,,,,,,0.0636818714251421,,,,,,,,,,,,,,,,,,,,,,,,,,,
2021-11-25,https://www.fool.com/investing/2021/11/25/2-disappointing-stocks-in-2021-that-could-be-hot-b/,0.3339736069453758,0.7025221586227417,0.4753922746011511,1,0.4753922746011511,,,,,,,,,,,,,,,,,,,,,,,,,,,,0.4753922746011511,,,,,,,,,,,,,,,,,,,,,,,,,,,
2021-11-27,https://www.marketwatch.com/story/in-the-red-hot-cybersecurity-sector-these-are-the-three-upstarts-and-three-stalwarts-to-watch-11637338137,0.35733651440875336,0.9102137088775635,0.39258529169968825,1,0.39258529169968825,,,,,,,,,,,,,,,,,,,,,,,,,,,,0.39258529169968825,,,,,,,,,,,,,,,,,,,,,,,,,,,
2021-11-29,https://www.forbes.com/sites/brendanahern/2021/11/29/pinduoduo--meituan-report-mixed-q3-results/,0.13803228441257728,0.9921236634254456,0.13912810418814278,1,0.13912810418814278,,,,,,,,,,,,,,,,,,,,,,,,,,,,0.13912810418814278,,,,,,,,,,,,,,,,,,,,,,,,,,,
2021-11-29,https://www.thedrum.com/news/2021/11/29/shopee-responds-allegations-toxic-workplace-practices,-0.06691043394584754,-0.9980664849281311,0.06704005690629482,1,0.06704005690629482,,,,,,,,,,,,,,,,,,,,,,,,,,,,0.06704005690629482,,,,,,,,,,,,,,,,,,,,,,,,,,,
2021-11-29,https://www.motorauthority.com/news/1133589_after-establishing-ev-division-xiaomi-prepares-to-build-car-plant-in-beijing,-0.4451542382971221,-0.9264687895774841,0.4804848725666566,1,0.4804848725666566,,,,,,,,,,,,,,,,,,,,,,,,,,,,0.4804848725666566,,,,,,,,,,,,,,,,,,,,,,,,,,,
2021-11-29,https://electrek.co/2021/11/29/xiaomi-taps-beijing-as-its-ev-headquarters-alongside-a-new-300000-vehicle-per-year-factory/,0.20710779880646166,0.9693203568458557,0.2136629003443044,1,0.2136629003443044,,,,,,,,,,,,,,,,,,,,,,,,,,,,0.2136629003443044,,,,,,,,,,,,,,,,,,,,,,,,,,,
2021-11-30,https://www.businessinsider.com/sc/this-data-storage-solution-could-reduce-co2-emissions-2021-11,-0.2551176557936596,-0.9454444646835327,0.2698388592068755,1,0.2698388592068755,,,,,,,,,,,,,,,,,,,,,,,,,,,,0.2698388592068755,,,,,,,,,,,,,,,,,,,,,,,,,,,
2021-11-30,https://247wallst.com/investing/2021/11/29/cathie-woods-ark-invest-sells-for-11-29/,-0.15513496680802466,-0.6055463552474976,0.2561900760588646,1,0.2561900760588646,,,,,,,,,,,,,,,,,,,,,,,,,,,,0.2561900760588646,,,,,,,,,,,,,,,,,,,,,,,,,,,
2021-11-30,https://cacm.acm.org/news/257105-baidu-in-partnership-with-sanofi-to-use-its-algorithm-in-mrna-vaccine-therapy-development/fulltext,0.08322404151985166,-3.49581241607666e-05,0.15467059252265006,2,0.07042105579733321,0.2389201292479669,,,,,,,,,,,,,,,,,,,,,,,,,,,0.07042105579733321,0.2389201292479669,,,,,,,,,,,,,,,,,,,,,,,,,,
2021-11-30,https://finance.yahoo.com/news/shareholder-alert-pomerantz-law-firm-231700765.html,-0.09326520676097079,-0.3222814202308655,0.14015466516361985,3,0.2912528208201586,0.06468019998090738,0.06453097468979366,,,,,,,,,,,,,,,,,,,,,,,,,,0.2912528208201586,0.06468019998090738,0.06453097468979366,,,,,,,,,,,,,,,,,,,,,,,,,
2021-11-30,https://indianexpress.com/article/world/china-silence-peng-shuai-beijing-propaganda-7649637/,-0.06562439828218132,-0.9947214126586914,0.06597264062787231,1,0.06597264062787231,,,,,,,,,,,,,,,,,,,,,,,,,,,,0.06597264062787231,,,,,,,,,,,,,,,,,,,,,,,,,,,
2021-11-30,https://247wallst.com/investing/2021/11/29/cathie-woods-ark-invest-buys-for-11-29/,-0.23050783860152887,-0.9051730632781982,0.2546560961135053,1,0.2546560961135053,,,,,,,,,,,,,,,,,,,,,,,,,,,,0.2546560961135053,,,,,,,,,,,,,,,,,,,,,,,,,,,
2021-11-30,https://www.euronews.com/next/2021/11/30/a-fleet-of-67-driverless-robotaxis-have-begun-taking-paying-customers-in-beijing,-0.1453490950368336,-0.9951127171516418,0.14616713290940997,2,0.21267158794619784,0.0796626778726221,,,,,,,,,,,,,,,,,,,,,,,,,,,0.21267158794619784,0.0796626778726221,,,,,,,,,,,,,,,,,,,,,,,,,,
2021-11-30,https://www.nytimes.com/2021/11/30/world/asia/china-peng-shuai-propaganda.html,-0.06497609723217487,-0.9901217818260193,0.0656243488678166,1,0.0656243488678166,,,,,,,,,,,,,,,,,,,,,,,,,,,,0.0656243488678166,,,,,,,,,,,,,,,,,,,,,,,,,,,
2021-11-30,https://finance.yahoo.com/news/fintech-achieved-annual-target-account-090200788.html,0.06238389667285637,0.9974619150161743,0.06254263519609647,1,0.06254263519609647,,,,,,,,,,,,,,,,,,,,,,,,,,,,0.06254263519609647,,,,,,,,,,,,,,,,,,,,,,,,,,,
2021-11-30,https://finance.yahoo.com/news/shareholder-alert-pomerantz-law-firm-225400607.html,-0.07493928749684949,-0.9457469582557678,0.07923820091904848,1,0.07923820091904848,,,,,,,,,,,,,,,,,,,,,,,,,,,,0.07923820091904848,,,,,,,,,,,,,,,,,,,,,,,,,,,
2021-11-30,https://www.fool.com/investing/2021/11/30/2-growth-stocks-to-buy-before-a-big-rally/,0.06218932230731684,0.9837889671325684,0.0632140879650022,1,0.0632140879650022,,,,,,,,,,,,,,,,,,,,,,,,,,,,0.0632140879650022,,,,,,,,,,,,,,,,,,,,,,,,,,,
2021-12-01,https://finance.yahoo.com/news/indoor-positioning-navigation-system-market-103000801.html,-0.6873520477749556,-0.8801923394203186,0.7809111906468481,1,0.7809111906468481,,,,,,,,,,,,,,,,,,,,,,,,,,,,0.7809111906468481,,,,,,,,,,,,,,,,,,,,,,,,,,,
2021-12-01,https://finance.yahoo.com/news/global-u-artificial-intelligence-ai-045000407.html,1.6365534139904832,0.9599940180778503,1.704753762182055,1,1.704753762182055,,,,,,,,,,,,,,,,,,,,,,,,,,,,1.704753762182055,,,,,,,,,,,,,,,,,,,,,,,,,,,
2021-12-01,https://dzone.com/articles/accelerating-candidate-generation-in-recommender-s,0.06923896671138018,0.9919523596763611,0.06980069762016636,1,0.06980069762016636,,,,,,,,,,,,,,,,,,,,,,,,,,,,0.06980069762016636,,,,,,,,,,,,,,,,,,,,,,,,,,,
2021-12-01,https://indianexpress.com/article/world/chinas-silence-on-peng-shuai-shows-the-limits-of-beijings-propaganda-7650119/,0.05891999950718995,0.902050793170929,0.0653178290549158,1,0.0653178290549158,,,,,,,,,,,,,,,,,,,,,,,,,,,,0.0653178290549158,,,,,,,,,,,,,,,,,,,,,,,,,,,
2021-12-01,https://blogs.nvidia.com/blog/2021/12/01/mlperf-ai-cloud-service-oems/,0.2910434468120714,0.9961218237876892,0.2921765589929527,1,0.2921765589929527,,,,,,,,,,,,,,,,,,,,,,,,,,,,0.2921765589929527,,,,,,,,,,,,,,,,,,,,,,,,,,,
2021-12-01,https://247wallst.com/investing/2021/11/30/cathie-woods-ark-invest-buys-for-11-30/,-0.21363185003639362,-0.8419676423072815,0.2537292875661691,1,0.2537292875661691,,,,,,,,,,,,,,,,,,,,,,,,,,,,0.2537292875661691,,,,,,,,,,,,,,,,,,,,,,,,,,,
2021-12-01,https://www.lawfareblog.com/us-china-tech-decoupling-accelerates-new-export-controls-chinese-quantum-computing-companies,-0.22470732693610507,-0.9915800094604492,0.22661542668490825,1,0.22661542668490825,,,,,,,,,,,,,,,,,,,,,,,,,,,,0.22661542668490825,,,,,,,,,,,,,,,,,,,,,,,,,,,
2021-12-01,https://www.digitimes.com/news/a20211130VL205.html,0.2500795024072107,0.9979718327522278,0.2505877362465594,1,0.2505877362465594,,,,,,,,,,,,,,,,,,,,,,,,,,,,0.2505877362465594,,,,,,,,,,,,,,,,,,,,,,,,,,,
2021-12-01,https://247wallst.com/investing/2021/11/30/cathie-woods-ark-invest-sells-for-11-30/,0.12881172622515397,0.5054900050163269,0.25482546627404323,1,0.25482546627404323,,,,,,,,,,,,,,,,,,,,,,,,,,,,0.25482546627404323,,,,,,,,,,,,,,,,,,,,,,,,,,,
2021-12-01,https://www.valuewalk.com/tesla-remains-a-lousy-business-activist/,-0.27477718548152646,-0.9276845653851827,0.2908628036037026,3,0.23489068421497317,0.20286417839285975,0.4348335482032748,,,,,,,,,,,,,,,,,,,,,,,,,,0.23489068421497317,0.20286417839285975,0.4348335482032748,,,,,,,,,,,,,,,,,,,,,,,,,
2021-12-02,https://mspoweruser.com/microsoft-azure-ai-supercomputer-mlperf-benchmarks/,-1.3828508380365965,-0.9957277774810791,1.388784032453964,1,1.388784032453964,,,,,,,,,,,,,,,,,,,,,,,,,,,,1.388784032453964,,,,,,,,,,,,,,,,,,,,,,,,,,,
2021-12-02,https://www.marketwatch.com/story/asian-tech-companies-climate-goals-fall-short-in-new-greenpeace-report-271638418343,-0.11711051460524521,-0.9861403703689575,0.11875643480798695,1,0.11875643480798695,,,,,,,,,,,,,,,,,,,,,,,,,,,,0.11875643480798695,,,,,,,,,,,,,,,,,,,,,,,,,,,
2021-12-02,https://247wallst.com/investing/2021/12/01/cathie-woods-ark-invest-buys-for-12-1/,-0.1830119826617581,-0.7205727696418762,0.2539812637559352,1,0.2539812637559352,,,,,,,,,,,,,,,,,,,,,,,,,,,,0.2539812637559352,,,,,,,,,,,,,,,,,,,,,,,,,,,
2021-12-02,https://markets.businessinsider.com/news/stocks/sec-moves-toward-delisting-chinese-stocks-audit-reviews-rule-markets-2021-12,0.06542881042130391,0.960175096988678,0.06814258214621809,1,0.06814258214621809,,,,,,,,,,,,,,,,,,,,,,,,,,,,0.06814258214621809,,,,,,,,,,,,,,,,,,,,,,,,,,,
2021-12-02,https://247wallst.com/investing/2021/12/01/cathie-woods-ark-invest-sells-for-12-1/,-0.24647785044586148,-0.9611226320266724,0.25644786859937496,1,0.25644786859937496,,,,,,,,,,,,,,,,,,,,,,,,,,,,0.25644786859937496,,,,,,,,,,,,,,,,,,,,,,,,,,,
2021-12-02,https://finance.yahoo.com/news/three-arrows-leads-4-3m-060040972.html,1.607427829733179,0.9249401390552521,1.7633239824375513,2,1.0274905867884745,2.499157378086628,,,,,,,,,,,,,,,,,,,,,,,,,,,1.0274905867884745,2.499157378086628,,,,,,,,,,,,,,,,,,,,,,,,,,
2021-12-02,https://pypi.org/project/change-detection-pytorch/,-0.0697125585761746,-0.9987372756004333,0.06980069762016636,1,0.06980069762016636,,,,,,,,,,,,,,,,,,,,,,,,,,,,0.06980069762016636,,,,,,,,,,,,,,,,,,,,,,,,,,,
2021-12-02,https://www.thisismoney.co.uk/money/markets/article-10269189/MARKET-REPORT-Opec-eases-worries-Omicron-production-pledge.html,-0.2543298288019174,-0.9947502017021179,0.2556720555238224,1,0.2556720555238224,,,,,,,,,,,,,,,,,,,,,,,,,,,,0.2556720555238224,,,,,,,,,,,,,,,,,,,,,,,,,,,
2021-12-03,https://www.forbes.com/sites/forbestechcouncil/2021/12/03/the-onset-of-data-centric-ai-and-why-its-here-to-stay/,-0.12932652959547405,-0.9906858801841736,0.13054241731135968,1,0.13054241731135968,,,,,,,,,,,,,,,,,,,,,,,,,,,,0.13054241731135968,,,,,,,,,,,,,,,,,,,,,,,,,,,
2021-12-03,https://www.theregister.com/2021/12/03/bytedance_volcano_engine_public_cloud/,-0.06713059410825925,-0.9959499835968018,0.06740357971172602,1,0.06740357971172602,,,,,,,,,,,,,,,,,,,,,,,,,,,,0.06740357971172602,,,,,,,,,,,,,,,,,,,,,,,,,,,
2021-12-03,http://caldeiraodebolsa.jornaldenegocios.pt/viewtopic.php?t=83853&p=1701569#p1701569,-0.06538869315865843,-0.9976815780003866,0.06554037335098763,3,0.06589931618855217,0.06516998465299734,0.06555181921141338,,,,,,,,,,,,,,,,,,,,,,,,,,0.06589931618855217,0.06516998465299734,0.06555181921141338,,,,,,,,,,,,,,,,,,,,,,,,,
2021-12-03,https://www.reuters.com/markets/asia/docusign-esperion-longeveron-didi-2021-12-03/,-0.7271253905379667,-0.9996606111526489,0.727372252568361,1,0.727372252568361,,,,,,,,,,,,,,,,,,,,,,,,,,,,0.727372252568361,,,,,,,,,,,,,,,,,,,,,,,,,,,
2021-12-03,https://finance.yahoo.com/news/high-flying-tech-stocks-bordering-214124901.html,-0.07810560306953843,-0.9986217021942139,0.07821340443325184,1,0.07821340443325184,,,,,,,,,,,,,,,,,,,,,,,,,,,,0.07821340443325184,,,,,,,,,,,,,,,,,,,,,,,,,,,
2021-12-03,https://www.forbes.com/sites/brendanahern/2021/12/03/didi-packs-its-bags-for-hong-kong-week-in-review/,-0.06958469170741807,-0.9987713694572449,0.06967029075456176,1,0.06967029075456176,,,,,,,,,,,,,,,,,,,,,,,,,,,,0.06967029075456176,,,,,,,,,,,,,,,,,,,,,,,,,,,
2021-12-03,https://www.fool.com/investing/2021/12/03/why-baozun-bilibili-and-baidu-were-all-dropping-to/,-0.9883459476456399,-0.9990458488464355,0.9896001635219941,3,0.08084378418310124,1.3669427566972476,1.5210139496856336,,,,,,,,,,,,,,,,,,,,,,,,,,0.08084378418310124,1.3669427566972476,1.5210139496856336,,,,,,,,,,,,,,,,,,,,,,,,,
2021-12-03,https://www.kiplinger.com/investing/stocks/603879/stock-market-today-120321-stocks-turn-tail-november-jobs-miss-omicron,-0.7301445231396996,-0.9955629110336304,0.7333986783232377,1,0.7333986783232377,,,,,,,,,,,,,,,,,,,,,,,,,,,,0.7333986783232377,,,,,,,,,,,,,,,,,,,,,,,,,,,
2021-12-03,https://www.business-standard.com/article/international/didi-global-shares-plunge-more-than-20-on-plan-to-delist-from-nyse-121120400065_1.html,-0.10828537049259855,-0.9986609220504761,0.10843056747455809,1,0.10843056747455809,,,,,,,,,,,,,,,,,,,,,,,,,,,,0.10843056747455809,,,,,,,,,,,,,,,,,,,,,,,,,,,
2021-12-03,https://www.prnewswire.com/news-releases/shareholder-alert--pomerantz-law-firm-reminds-shareholders-with-losses-on-their-investment-in-vipshop-holdings-ltd-of-class-action-lawsuit-and-upcoming-deadline-against-goldman-sachs-group-inc-and-morgan-stanley--gs-ms-301436855.html,-0.23015841361837486,-0.8539307713508606,0.26952818816246643,1,0.26952818816246643,,,,,,,,,,,,,,,,,,,,,,,,,,,,0.26952818816246643,,,,,,,,,,,,,,,,,,,,,,,,,,,
2021-12-03,https://www.forbes.com/sites/ywang/2021/12/03/chinas-internet-billionaires-suffer-73-billion-wipeout-as-economy-slows-and-government-cracks-down/,-0.47955089833375625,-0.9797866344451904,0.48944421313248937,1,0.48944421313248937,,,,,,,,,,,,,,,,,,,,,,,,,,,,0.48944421313248937,,,,,,,,,,,,,,,,,,,,,,,,,,,
2021-12-03,https://www.reuters.com/markets/europe/us-listed-chinese-shares-take-knock-didi-exit-nyse-2021-12-03/,-0.16732961961922924,-0.9990842044353485,0.1674750312218108,2,0.1198995185626303,0.21505054388099126,,,,,,,,,,,,,,,,,,,,,,,,,,,0.1198995185626303,0.21505054388099126,,,,,,,,,,,,,,,,,,,,,,,,,,
2021-12-03,https://www.reuters.com/markets/asia/buzz-didi-shares-fall-taking-china-etfs-adrs-along-with-them-2021-12-03/,-0.20828625497289285,-0.9993670582771301,0.2084181715294581,1,0.2084181715294581,,,,,,,,,,,,,,,,,,,,,,,,,,,,0.2084181715294581,,,,,,,,,,,,,,,,,,,,,,,,,,,
2021-12-03,https://finance.yahoo.com/news/autonomous-vehicles-market-grow-20-060000851.html,-0.9735185724733617,-0.9735695719718933,1.00236187730451,2,1.1127965989768425,0.8919271556321775,,,,,,,,,,,,,,,,,,,,,,,,,,,1.1127965989768425,0.8919271556321775,,,,,,,,,,,,,,,,,,,,,,,,,,
2021-12-03,https://finance.yahoo.com/news/didi-york-delisting-signals-end-090000156.html,-0.0641997364308233,-0.9857515692710876,0.06512770400994207,1,0.06512770400994207,,,,,,,,,,,,,,,,,,,,,,,,,,,,0.06512770400994207,,,,,,,,,,,,,,,,,,,,,,,,,,,
2021-12-03,https://finance.yahoo.com/news/didi-u-exit-adds-pressure-122617911.html,-0.20554276567066251,-0.9991521835327148,0.20571717608014667,1,0.20571717608014667,,,,,,,,,,,,,,,,,,,,,,,,,,,,0.20571717608014667,,,,,,,,,,,,,,,,,,,,,,,,,,,
2021-12-03,https://finance.yahoo.com/news/u-listed-chinese-shares-knock-150001746.html,-0.1662200876455682,-0.9991980791091919,0.16635643660357824,2,0.12237030851373853,0.21034256469341794,,,,,,,,,,,,,,,,,,,,,,,,,,,0.12237030851373853,0.21034256469341794,,,,,,,,,,,,,,,,,,,,,,,,,,
2021-12-03,https://finance.yahoo.com/news/sec-moves-step-closer-delisting-180000075.html,-0.06253212284515018,-0.989770770072937,0.06317838911381687,1,0.06317838911381687,,,,,,,,,,,,,,,,,,,,,,,,,,,,0.06317838911381687,,,,,,,,,,,,,,,,,,,,,,,,,,,
2021-12-03,https://finance.yahoo.com/news/shareholder-alert-pomerantz-law-firm-043500616.html,-0.18016360918773058,-0.9633250832557678,0.18461584923123303,2,0.3047007237726724,0.06453097468979366,,,,,,,,,,,,,,,,,,,,,,,,,,,0.3047007237726724,0.06453097468979366,,,,,,,,,,,,,,,,,,,,,,,,,,
2021-12-03,https://finance.yahoo.com/news/baidu-alert-bragar-eagel-squire-020000455.html,-0.0824232872557003,-0.9656784931818644,0.0853139795456812,3,0.08408141855831577,0.07969304130668756,0.09216747877204029,,,,,,,,,,,,,,,,,,,,,,,,,,0.08408141855831577,0.07969304130668756,0.09216747877204029,,,,,,,,,,,,,,,,,,,,,,,,,
2021-12-03,https://247wallst.com/investing/2021/12/02/cathie-woods-ark-invest-buys-for-12-2/,-0.23124253124881428,-0.908963143825531,0.2544025385623332,1,0.2544025385623332,,,,,,,,,,,,,,,,,,,,,,,,,,,,0.2544025385623332,,,,,,,,,,,,,,,,,,,,,,,,,,,
2021-12-03,https://www.channelnewsasia.com/business/us-listed-chinese-shares-take-knock-didi-exit-nyse-2357131,-0.28112002680956916,-0.9977587461471558,0.2817515034522261,1,0.2817515034522261,,,,,,,,,,,,,,,,,,,,,,,,,,,,0.2817515034522261,,,,,,,,,,,,,,,,,,,,,,,,,,,
2021-12-03,https://247wallst.com/investing/2021/12/02/cathie-woods-ark-invest-sells-for-12-2/,-0.2142732016148006,-0.8414218425750732,0.2546560961135053,1,0.2546560961135053,,,,,,,,,,,,,,,,,,,,,,,,,,,,0.2546560961135053,,,,,,,,,,,,,,,,,,,,,,,,,,,
2021-12-04,https://247wallst.com/investing/2021/12/03/cathie-woods-ark-invest-sells-for-12-3/,-0.251912663826169,-0.9872539639472961,0.25516500619451266,1,0.25516500619451266,,,,,,,,,,,,,,,,,,,,,,,,,,,,0.25516500619451266,,,,,,,,,,,,,,,,,,,,,,,,,,,
2021-12-04,https://www.fool.com/investing/2021/12/04/better-chinese-tech-stock-alibaba-or-baidu/,-0.14679046985207211,-0.9969113916158676,0.14710540132458813,4,0.0889187984594103,0.31691310920033483,0.09249431043306235,0.09009538720554504,,,,,,,,,,,,,,,,,,,,,,,,,0.0889187984594103,0.31691310920033483,0.09249431043306235,0.09009538720554504,,,,,,,,,,,,,,,,,,,,,,,,
2021-12-04,https://cointelegraph.com/news/2021-ends-with-a-question-are-nfts-here-to-stay,-0.2137040800755372,-0.9943394064903259,0.21492065856047954,1,0.21492065856047954,,,,,,,,,,,,,,,,,,,,,,,,,,,,0.21492065856047954,,,,,,,,,,,,,,,,,,,,,,,,,,,
2021-12-04,https://www.theinformation.com/articles/why-alibaba-is-no-didi,-0.06689338178689176,-0.9990079998970032,0.0669598059212623,1,0.0669598059212623,,,,,,,,,,,,,,,,,,,,,,,,,,,,0.0669598059212623,,,,,,,,,,,,,,,,,,,,,,,,,,,
2021-12-04,https://247wallst.com/investing/2021/12/03/cathie-woods-ark-invest-buys-for-12-3/,-0.2262105426739683,-0.8918376564979553,0.25364542641341914,1,0.25364542641341914,,,,,,,,,,,,,,,,,,,,,,,,,,,,0.25364542641341914,,,,,,,,,,,,,,,,,,,,,,,,,,,
2021-12-05,https://www.livemint.com/companies/news/didi-hunts-for-way-to-delist-in-new-york-rocking-other-chinese-adrs-11638716129699.html,-0.06967280114884909,-0.999413251876831,0.06971370553473075,1,0.06971370553473075,,,,,,,,,,,,,,,,,,,,,,,,,,,,0.06971370553473075,,,,,,,,,,,,,,,,,,,,,,,,,,,
2021-12-05,http://www.china.org.cn/business/2021-12/05/content_77911533.htm,0.2130060597101912,0.900502622127533,0.2365412986882168,1,0.2365412986882168,,,,,,,,,,,,,,,,,,,,,,,,,,,,0.2365412986882168,,,,,,,,,,,,,,,,,,,,,,,,,,,
