pub_date,url,scores,sentiments,relevance,rel_subdocs,sub_1_rel,sub_2_rel,sub_3_rel,sub_4_rel,sub_5_rel,sub_6_rel,sub_7_rel,sub_8_rel,sub_9_rel,sub_10_rel,sub_11_rel,sub_12_rel,sub_13_rel,sub_14_rel,sub_15_rel,sub_16_rel,sub_17_rel,sub_1_sents,sub_2_sents,sub_3_sents,sub_4_sents,sub_5_sents,sub_6_sents,sub_7_sents,sub_8_sents,sub_9_sents,sub_10_sents,sub_11_sents,sub_12_sents,sub_13_sents,sub_14_sents,sub_15_sents,sub_16_sents,sub_17_sents
2021-05-17,http://www.zacks.com/stock/news/1565336/stock-market-news-for-may-17-2021?cid=CS-ZC-FT-market_news-1565336,0.98403004336184,0.9948287904262544,0.9892996598604088,2,0.9594297696586126,1.0191695500622049,,,,,,,,,,,,,,,,0.9594297696586126,1.0191695500622049,,,,,,,,,,,,,,,
2021-10-13,https://www.benzinga.com/news/21/10/23356751/president-and-ceo-and-celebrity-cruises-of-royal-caribbean-gr-makes-225k-sale,-1.6959710594277424,-0.9998712539672852,1.6961894370885005,1,1.6961894370885005,,,,,,,,,,,,,,,,,1.6961894370885005,,,,,,,,,,,,,,,,
2021-10-15,http://feeds.benzinga.com/~r/benzinga/news/offerings/~3/F4FxvpIFhhs/hertz-files-registration-statement-for-public-offering-of-common-stock-by-selling-stockholders,-0.4643785046150801,-0.9974710941314696,0.4655558515401687,1,0.4655558515401687,,,,,,,,,,,,,,,,,0.4655558515401687,,,,,,,,,,,,,,,,
2021-10-29,http://feeds.benzinga.com/~r/benzinga/markets/~3/WULjUw_nwFM/earnings-scheduled-for-october-29-2021,0.9247861256026784,0.9990056157112122,0.9257066337352916,1,0.9257066337352916,,,,,,,,,,,,,,,,,0.9257066337352916,,,,,,,,,,,,,,,,
2021-11-01,https://www.benzinga.com/news/21/11/23789598/barclays-ceo-steps-down-amid-probe-of-ties-to-jeffrey-epstein,-0.4808212994600927,-0.9998292922973632,0.4809033933735658,1,0.4809033933735658,,,,,,,,,,,,,,,,,0.4809033933735658,,,,,,,,,,,,,,,,
2021-04-23,https://www.fool.com/investing/2021/04/23/wall-streets-upbeat-cruise-views-are-still-a-downe/?source=iedfolrf0000001,-1.046319345085872,-0.9101874530315399,1.1589398741610706,2,1.4309070714717564,0.8869726768503846,,,,,,,,,,,,,,,,1.4309070714717564,0.8869726768503846,,,,,,,,,,,,,,,
2021-04-26,https://www.fool.com/investing/2021/04/26/why-cruise-line-stocks-popped-then-dropped-on-mond/?source=iedfolrf0000001,0.00948982836255291,0.0014168024063110352,0.6475097233762909,2,0.656094973940625,0.6389244728119567,,,,,,,,,,,,,,,,0.656094973940625,0.6389244728119567,,,,,,,,,,,,,,,
2021-04-27,http://www.zacks.com/stock/news/1461728/whats-in-the-cards-for-royal-caribbeans-rcl-q1-earnings?cid=CS-ZC-FT-analyst_blog|earnings_preview-1461728,0.14761720324201055,0.33148642381032306,0.5952350570200244,3,0.669968032183091,0.5869030344875183,0.5288341043894639,,,,,,,,,,,,,,,0.669968032183091,0.5869030344875183,0.5288341043894639,,,,,,,,,,,,,,
2021-04-28,https://www.fool.com/investing/2021/04/28/the-1-thing-you-should-know-about-cruise-line-stoc/?source=iedfolrf0000001,1.660851315172129,0.9992419481277466,1.661336804509817,2,2.7114599034798514,0.6112137055397824,,,,,,,,,,,,,,,,2.7114599034798514,0.6112137055397824,,,,,,,,,,,,,,,
2021-04-29,https://www.fool.com/investing/2021/04/29/why-royal-caribbean-stock-popped-this-morning-and/?source=iedfolrf0000001,1.440464962002651,0.9999069571495056,1.4406277863563342,2,0.6728704297609561,2.208385142951712,,,,,,,,,,,,,,,,0.6728704297609561,2.208385142951712,,,,,,,,,,,,,,,
2021-04-29,https://www.benzinga.com/news/earnings/21/04/20855783/earnings-scheduled-for-april-29-2021,0.6850025795067777,0.9773888885974884,0.6963831361155308,2,0.49910784649888795,0.8936584257321738,,,,,,,,,,,,,,,,0.49910784649888795,0.8936584257321738,,,,,,,,,,,,,,,
2021-04-29,http://www.marketwatch.com/news/story.asp?guid=%7B21005575-02D4-D4B5-4572-D3D0A3F741EB%7D&siteid=rss&rss=1,-0.5250503947134192,-0.997244119644165,0.5265013694949304,1,0.5265013694949304,,,,,,,,,,,,,,,,,0.5265013694949304,,,,,,,,,,,,,,,,
2021-04-29,https://www.fool.com/investing/2021/04/29/cdc-to-finally-allow-cruise-ships-to-start-sailing/?source=iedfolrf0000001,-0.5026063596041984,-0.9998866319656372,0.5026633455596308,1,0.5026633455596308,,,,,,,,,,,,,,,,,0.5026633455596308,,,,,,,,,,,,,,,,
2021-04-29,https://www.fool.com/investing/2021/04/29/royal-caribbean-earnings-1-key-metric/?source=iedfolrf0000001,0.03228324698067109,-9.003281593322754e-05,0.6472635368062797,2,0.6149174291704583,0.679609644442101,,,,,,,,,,,,,,,,0.6149174291704583,0.679609644442101,,,,,,,,,,,,,,,
2021-04-29,http://www.zacks.com/stock/news/1472926/royal-caribbean-rcl-reports-q1-loss-tops-revenue-estimates?cid=CS-ZC-FT-tale_of_the_tape|yseop_template_4-1472926,1.4455404544860508,0.9978023171424866,1.448917704835957,2,1.5423638046208188,1.3554716050510953,,,,,,,,,,,,,,,,1.5423638046208188,1.3554716050510953,,,,,,,,,,,,,,,
2021-04-29,http://www.zacks.com/stock/news/1473514/royal-caribbean-rcl-q1-earnings-beat-estimates-fall-y-y?cid=CS-ZC-FT-analyst_blog|earnings_article-1473514,0.45958760277498856,0.9999560117721558,0.45961012391166745,2,0.6696628585856901,0.2495573892376448,,,,,,,,,,,,,,,,0.6696628585856901,0.2495573892376448,,,,,,,,,,,,,,,
2021-04-29,http://www.marketwatch.com/news/story.asp?guid=%7B21005575-02D4-D4B5-4572-D3D3892C7CD4%7D&siteid=rss&rss=1,0.39860653665970364,0.9947876930236816,0.399905313083692,3,0.6162622911167183,0.335363740194418,0.24808990793993968,,,,,,,,,,,,,,,0.6162622911167183,0.335363740194418,0.24808990793993968,,,,,,,,,,,,,,
2021-04-30,https://www.fool.com/investing/2021/04/30/cruise-line-stocks-finally-get-what-they-want-and/?source=iedfolrf0000001,1.664167967133396,0.7714686095714569,2.1714085189483248,2,2.2211134295690282,2.121703608327621,,,,,,,,,,,,,,,,2.2211134295690282,2.121703608327621,,,,,,,,,,,,,,,
2021-05-02,https://www.fool.com/earnings/call-transcripts/2021/05/02/royal-caribbean-rcl-q1-2021-earnings-call-transcri/?source=iedfolrf0000001,0.808765708084596,0.9999600052833557,0.8088017902542369,17,0.6442432512359568,0.5020891794224261,1.0945453713219142,0.4994146719545373,0.3223677533879837,0.76393195381891,1.3672461563838652,0.8647417329984595,0.8647417329984595,0.9378264733579394,0.2507461859177584,0.5017905981748845,0.8126079890361173,0.5531946332867484,1.3785058150548095,0.8126079890361173,1.5790289469351417,0.6442432512359568,0.5020891794224261,1.0945453713219142,0.4994146719545373,0.3223677533879837,0.76393195381891,1.3672461563838652,0.8647417329984595,0.8647417329984595,0.9378264733579394,0.2507461859177584,0.5017905981748845,0.8126079890361173,0.5531946332867484,1.3785058150548095,0.8126079890361173,1.5790289469351417
2021-05-03,https://www.fool.com/investing/2021/05/03/what-is-royal-caribbean-going-to-do-with-51-billio/?source=iedfolrf0000001,0.6479761264694659,0.9999496936798096,0.648008319293451,3,0.6153671952328369,0.6646557750406284,0.6640019876068878,,,,,,,,,,,,,,,0.6153671952328369,0.6646557750406284,0.6640019876068878,,,,,,,,,,,,,,
2021-05-04,https://www.benzinga.com/news/earnings/21/05/20940606/tuesdays-market-minute-oil-at-7-week-highs,1.0829240704401446,0.9999698400497437,1.0829567323613225,1,1.0829567323613225,,,,,,,,,,,,,,,,,1.0829567323613225,,,,,,,,,,,,,,,,
2021-05-04,https://www.fool.com/investing/2021/05/04/why-carnival-royal-caribbean-and-norwegian-cruise/?source=iedfolrf0000001,1.2780309848887408,0.8863337635993958,1.3353178492379902,2,2.168558002721098,0.5020776957548824,,,,,,,,,,,,,,,,2.168558002721098,0.5020776957548824,,,,,,,,,,,,,,,
2021-05-06,http://www.zacks.com/stock/news/1510062/norwegian-cruise-nclh-posts-narrower-than-expected-q1-loss?cid=CS-ZC-FT-analyst_blog|earnings_article-1510062,0.5015839011849988,0.998723953962326,0.5022561090680173,2,0.47601903139880697,0.5284931867372277,,,,,,,,,,,,,,,,0.47601903139880697,0.5284931867372277,,,,,,,,,,,,,,,
2021-05-06,https://www.fool.com/investing/2021/05/06/why-norwegian-cruise-line-stock-dropped-after-earn/?source=iedfolrf0000001,-0.4897984563096142,-0.999948263168335,0.48982379824100936,1,0.48982379824100936,,,,,,,,,,,,,,,,,0.48982379824100936,,,,,,,,,,,,,,,,
2021-05-06,https://www.fool.com/investing/2021/05/06/cdc-inches-closer-to-letting-cruise-ships-sail-wit/?source=iedfolrf0000001,0.41095165359839053,0.818522572517395,0.502065144440054,1,0.502065144440054,,,,,,,,,,,,,,,,,0.502065144440054,,,,,,,,,,,,,,,,
2021-05-12,https://www.fool.com/investing/2021/05/12/summer-is-sailing-away-from-cruise-line-stocks/?source=iedfolrf0000001,-0.10948848522700066,-0.2199099063873291,0.5053945041852992,2,0.503275555130124,0.5075134532404744,,,,,,,,,,,,,,,,0.503275555130124,0.5075134532404744,,,,,,,,,,,,,,,
2021-05-12,http://www.zacks.com/stock/news/1540911/carnival-ccl-extends-halt-in-operations-on-coronavirus-woes?cid=CS-ZC-FT-analyst_blog|company_news_-_corporate_actions-1540911,0.509441547523026,0.9980868399143219,0.5104509619688231,2,0.4924087372004186,0.5284931867372277,,,,,,,,,,,,,,,,0.4924087372004186,0.5284931867372277,,,,,,,,,,,,,,,
2021-05-14,https://www.fool.com/investing/2021/05/14/time-sensitive-why-carnival-corporation-royal-cari/?source=iedfolrf0000001,0.5301264948673955,0.9999741315841675,0.5301402087547651,1,0.5301402087547651,,,,,,,,,,,,,,,,,0.5301402087547651,,,,,,,,,,,,,,,,
2021-05-16,http://www.marketwatch.com/news/story.asp?guid=%7B07A5461A-B276-11EB-AED7-3141E8CD624D%7D&siteid=rss&rss=1,-0.4215901669443365,-0.8537024259567261,0.4938373772006907,1,0.4938373772006907,,,,,,,,,,,,,,,,,0.4938373772006907,,,,,,,,,,,,,,,,
2021-05-18,http://www.zacks.com/stock/news/1570942/carnival-ccl-plans-to-restart-sailing-in-europe-caribbean?cid=CS-ZC-FT-analyst_blog|company_news_-_corporate_actions-1570942,0.632824713502843,0.9991604288419088,0.6332708775673269,3,0.2971691026678279,1.0741459392604362,0.5284975907737166,,,,,,,,,,,,,,,0.2971691026678279,1.0741459392604362,0.5284975907737166,,,,,,,,,,,,,,
2021-05-19,https://www.fool.com/investing/2021/05/19/why-carnival-corporation-stock-slipped-this-mornin/?source=iedfolrf0000001,-0.5519560536603767,-0.999651312828064,0.5521485807875,1,0.5521485807875,,,,,,,,,,,,,,,,,0.5521485807875,,,,,,,,,,,,,,,,
2021-05-20,http://www.marketwatch.com/news/story.asp?guid=%7B20C05575-04D4-B545-7436-B465D1E0832E%7D&siteid=rss&rss=1,-1.1110096134879228,-0.9988048076629639,1.1123390726237086,1,1.1123390726237086,,,,,,,,,,,,,,,,,1.1123390726237086,,,,,,,,,,,,,,,,
2021-05-24,https://www.fool.com/investing/2021/05/24/royal-caribbean-may-require-vaccination-for-passen/?source=iedfolrf0000001,0.1447878867986851,0.1794039011001587,0.5764126648519691,3,0.5348671352757366,0.5239079891878788,0.670462870092292,,,,,,,,,,,,,,,0.5348671352757366,0.5239079891878788,0.670462870092292,,,,,,,,,,,,,,
2021-05-24,http://www.zacks.com/stock/news/1600054/great-reopening-rally-resumes-on-monday?cid=CS-ZC-FT-ahead_of_wall_street-1600054,1.7106700381836597,0.9890949726104736,1.716419119856013,2,2.908287602319249,0.524550637392777,,,,,,,,,,,,,,,,2.908287602319249,0.524550637392777,,,,,,,,,,,,,,,
2021-05-25,https://www.benzinga.com/trading-ideas/long-ideas/21/05/21285898/royal-caribbean-norwegian-cruise-line-and-carnival-soar-in-a-mixed-day-for-the-market,0.49819886294481236,0.9999750852584839,0.4982112757499681,1,0.4982112757499681,,,,,,,,,,,,,,,,,0.4982112757499681,,,,,,,,,,,,,,,,
2021-05-25,http://www.zacks.com/stock/news/1603520/norwegian-cruise-nclh-stock-up-on-us-cruise-resumption-plan?cid=CS-ZC-FT-analyst_blog|company_news_-_corporate_actions-1603520,0.522891405161655,0.9990376035372416,0.5233973212291346,3,0.24169216268716737,0.8003347814520131,0.5281650195482234,,,,,,,,,,,,,,,0.24169216268716737,0.8003347814520131,0.5281650195482234,,,,,,,,,,,,,,
2021-05-25,https://www.fool.com/investing/2021/05/25/why-cruise-line-stocks-jumped-on-tuesday/?source=iedfolrf0000001,0.564689508557906,0.9994058609008789,0.5650489304494661,2,0.5229295732040015,0.6071682876949307,,,,,,,,,,,,,,,,0.5229295732040015,0.6071682876949307,,,,,,,,,,,,,,,
2021-05-26,https://www.fool.com/investing/2021/05/26/carnival-royal-caribbean-and-norwegian-race-agains/?source=iedfolrf0000001,0.5965404211692367,0.9999585151672363,0.5965653216058422,2,0.6082650444863206,0.5848655987253639,,,,,,,,,,,,,,,,0.6082650444863206,0.5848655987253639,,,,,,,,,,,,,,,
2021-05-27,https://www.fool.com/investing/2021/05/27/royal-caribbean-to-become-first-cruise-line-to-sta/?source=iedfolrf0000001,0.6137617953413715,0.999762624502182,0.6139075398562528,2,0.6140192029303877,0.613795876782118,,,,,,,,,,,,,,,,0.6140192029303877,0.613795876782118,,,,,,,,,,,,,,,
2021-05-27,http://www.zacks.com/stock/news/1613974/royal-caribbean-rcl-to-resume-sailing-in-us-waters-from-june?cid=CS-ZC-FT-analyst_blog|company_news_-_corporate_actions-1613974,0.5651083370263038,0.999113529920578,0.5655829072908076,4,0.535885793594027,0.6398420904987588,0.5584329637743878,0.5281707812960571,,,,,,,,,,,,,,0.535885793594027,0.6398420904987588,0.5584329637743878,0.5281707812960571,,,,,,,,,,,,,
2021-05-28,https://www.fool.com/investing/2021/05/28/should-you-buy-carnival-before-it-goes-back-up/?source=iedfolrf0000001,-1.2808533893427214,-0.9994458854198456,1.2817968229970367,2,0.49269626119712595,2.070897384796947,,,,,,,,,,,,,,,,0.49269626119712595,2.070897384796947,,,,,,,,,,,,,,,
2021-06-01,https://www.fool.com/investing/2021/06/01/why-royal-caribbean-stock-just-popped/?source=iedfolrf0000001,0.6706422090711743,0.9958513677120209,0.6734937244399395,2,0.6595146237898625,0.6874728250900166,,,,,,,,,,,,,,,,0.6595146237898625,0.6874728250900166,,,,,,,,,,,,,,,
2021-06-01,https://www.benzinga.com/news/21/06/21369063/a-look-into-royal-caribbeans-debt,0.6749984648587433,0.9999374151229858,0.6750407121986958,1,0.6750407121986958,,,,,,,,,,,,,,,,,0.6750407121986958,,,,,,,,,,,,,,,,
2021-06-02,https://www.fool.com/investing/2021/06/02/disney-follows-carnival-royal-caribbean-and-norweg/?source=iedfolrf0000001,0.5349895673242148,0.9999082684516907,0.5350431676254725,3,0.5011893012769176,0.5008917859440759,0.6030484156554241,,,,,,,,,,,,,,,0.5011893012769176,0.5008917859440759,0.6030484156554241,,,,,,,,,,,,,,
2021-06-04,http://www.marketwatch.com/news/story.asp?guid=%7B20C05575-04D4-B545-7467-B92D42E2593F%7D&siteid=rss&rss=1,0.5368909104701853,0.999574601650238,0.5371438001468951,5,0.6244750039217675,0.2649153508749161,0.5994110807076047,0.6000504688569396,0.5968670963732479,,,,,,,,,,,,,0.6244750039217675,0.2649153508749161,0.5994110807076047,0.6000504688569396,0.5968670963732479,,,,,,,,,,,,
2021-06-07,https://www.marketwatch.com/story/carnival-confirms-restart-of-cruises-from-u-s-ports-on-fourth-of-july-weekend-11623089500,0.6244137579641088,0.9999664425849915,0.6244340246007734,2,0.49763605827773416,0.7512319909238127,,,,,,,,,,,,,,,,0.49763605827773416,0.7512319909238127,,,,,,,,,,,,,,,
2021-06-08,https://www.zacks.com/stock/news/1674513/4-leisure-stocks-to-buy-as-economy-reopens-further,1.98302209219765,0.9972307682037354,1.9845160340415053,2,3.4457825745205293,0.5232494935624815,,,,,,,,,,,,,,,,3.4457825745205293,0.5232494935624815,,,,,,,,,,,,,,,
2021-06-11,https://www.marketwatch.com/story/two-vaccinated-royal-caribbean-cruise-passengers-test-positive-for-covid-19-11623442162,0.21231980998923275,0.08582937717437744,0.4292945123871279,2,0.6212477974735227,0.23734122730073315,,,,,,,,,,,,,,,,0.6212477974735227,0.23734122730073315,,,,,,,,,,,,,,,
2021-06-11,https://www.investing.com/analysis/record-highs-with-a-chance-of-inflation-200585584,-3.494601453145582,-0.9976813793182373,3.502722938994419,1,3.502722938994419,,,,,,,,,,,,,,,,,3.502722938994419,,,,,,,,,,,,,,,,
2021-06-14,https://www.zacks.com/stock/news/1705334/company-news-for-jun-14-2021,0.00896891289563867,-0.002585083246231079,0.5181560398418847,2,0.5078188929465418,0.5284931867372277,,,,,,,,,,,,,,,,0.5078188929465418,0.5284931867372277,,,,,,,,,,,,,,,
2021-06-16,https://www.benzinga.com/analyst-ratings/upgrades/21/06/21588401/benzingas-top-ratings-upgrades-downgrades-for-june-16-2021,-0.6262519913209511,-0.9723353385925293,0.644069968934237,1,0.644069968934237,,,,,,,,,,,,,,,,,0.644069968934237,,,,,,,,,,,,,,,,
2021-06-16,https://www.fool.com/investing/2021/06/16/royal-caribbean-cancels-cruises-after-another-covi/,0.08702268775096206,0.24476826190948486,0.5431549561705316,3,0.6171629201208542,0.5069100110043676,0.5053919373863728,,,,,,,,,,,,,,,0.6171629201208542,0.5069100110043676,0.5053919373863728,,,,,,,,,,,,,,
2021-06-16,https://www.benzinga.com/trading-ideas/long-ideas/21/06/21584353/thinking-about-buying-stock-or-options-in-carnival-royal-caribbean-or-norwegian,0.8321448052715095,0.9996145069599152,0.8324563183709922,2,0.7961413783520745,0.8687712583899099,,,,,,,,,,,,,,,,0.7961413783520745,0.8687712583899099,,,,,,,,,,,,,,,
2021-06-17,https://www.benzinga.com/analyst-ratings/21/06/21609225/where-royal-caribbean-gr-stands-with-analysts,0.5321001921041337,0.9999133348464966,0.5321463106458322,1,0.5321463106458322,,,,,,,,,,,,,,,,,0.5321463106458322,,,,,,,,,,,,,,,,
2021-06-17,https://www.zacks.com/stock/news/1722113/royal-caribbean-rcl-delays-us-cruise-resumption-plan,-0.08849986743340704,0.0019759833812713623,0.47648174949037203,4,0.5355445926665994,0.5968639755342173,0.24534871546443812,0.5281697142962333,,,,,,,,,,,,,,0.5355445926665994,0.5968639755342173,0.24534871546443812,0.5281697142962333,,,,,,,,,,,,,
2021-06-17,https://www.zacks.com/stock/news/1722001/heres-why-you-should-hold-on-to-norwegian-cruise-nclh-stock,0.5074381855477651,0.9988895654678345,0.508024581781734,3,0.49852224199675216,0.4970539125747334,0.5284975907737166,,,,,,,,,,,,,,,0.49852224199675216,0.4970539125747334,0.5284975907737166,,,,,,,,,,,,,,
2021-06-19,https://www.marketwatch.com/story/the-new-cruise-ship-rulebook-what-to-know-about-booking-a-trip-getting-on-board-and-other-changes-11623443083,0.3965527113403034,0.9998832046985626,0.39661295334573754,4,0.2621156489413564,0.5918394480310394,0.24463704808247422,0.4878596683280802,,,,,,,,,,,,,,0.2621156489413564,0.5918394480310394,0.24463704808247422,0.4878596683280802,,,,,,,,,,,,,
2021-06-22,https://www.zacks.com/stock/news/1747295/factors-setting-the-tone-for-carnivals-ccl-q2-earnings,0.49181120123578326,0.9999772310256958,0.49182239952736034,1,0.49182239952736034,,,,,,,,,,,,,,,,,0.49182239952736034,,,,,,,,,,,,,,,,
2021-06-25,https://www.zacks.com/stock/news/1754268/carnival-ccl-announces-q2-business-update-stock-down,1.0550371525447804,0.999953031539917,1.0550867083427253,1,1.0550867083427253,,,,,,,,,,,,,,,,,1.0550867083427253,,,,,,,,,,,,,,,,
2021-06-25,https://www.zacks.com/commentary/1754118/3-leisure-recreation-services-stocks-to-defy-industry-woes,0.9812216989841446,0.9973001082738241,0.9827357762227461,3,0.475755734671593,1.947569035321567,0.5248825586750783,,,,,,,,,,,,,,,0.475755734671593,1.947569035321567,0.5248825586750783,,,,,,,,,,,,,,
2021-06-28,https://www.zacks.com/stock/news/1754831/zacks-industry-outlook-highlights-camping-world-rci-hospitality-seaworld-caribbean-cruises-and-carnival-corp,0.8729589635057092,0.9864703118801117,0.8902939486780082,4,0.4973496490965177,0.5000020499445733,2.0366443388122715,0.5271797568586701,,,,,,,,,,,,,,0.4973496490965177,0.5000020499445733,2.0366443388122715,0.5271797568586701,,,,,,,,,,,,,
2021-06-28,https://www.fool.com/investing/2021/06/28/why-cruise-ship-stocks-are-falling-harder-then-the/,-0.4871195790319142,-0.8737840056419373,0.5648655489671524,2,0.6160339085505919,0.5136971893837129,,,,,,,,,,,,,,,,0.6160339085505919,0.5136971893837129,,,,,,,,,,,,,,,
2021-06-28,https://www.fool.com/investing/2021/06/28/3-stocks-to-avoid-this-week/,-0.0058760180063054945,9.962916374206543e-05,0.5272391151909734,2,0.5331683943904031,0.5213098359915438,,,,,,,,,,,,,,,,0.5331683943904031,0.5213098359915438,,,,,,,,,,,,,,,
2021-06-28,https://www.zacks.com/stock/news/1755019/royal-caribbean-rcl-resumes-sailing-from-us-with-celebrity-edge,0.587584851667537,0.9991205533345541,0.5880556571225805,3,0.6742923269143459,0.561703463031293,0.5281711814221024,,,,,,,,,,,,,,,0.6742923269143459,0.561703463031293,0.5281711814221024,,,,,,,,,,,,,,
2021-06-28,https://www.fool.com/investing/2021/06/28/carnival-made-truly-fascinating-financial-move/,0.4791616321915108,0.9918619394302368,0.4830930728794367,1,0.4830930728794367,,,,,,,,,,,,,,,,,0.4830930728794367,,,,,,,,,,,,,,,,
2021-06-29,https://www.fool.com/investing/2021/06/29/its-a-cruel-summer-for-cruise-line-stocks/,0.20910885838387586,0.4033935268719991,0.5716019332144354,3,0.6076095545525845,0.5032831041879604,0.6039131409027614,,,,,,,,,,,,,,,0.6076095545525845,0.5032831041879604,0.6039131409027614,,,,,,,,,,,,,,
2021-06-29,https://www.zacks.com/stock/news/1755536/carnival-ccl-q2-earnings-and-revenues-miss-estimates,0.48446643718098675,0.9999719858169556,0.4844800094926541,1,0.4844800094926541,,,,,,,,,,,,,,,,,0.4844800094926541,,,,,,,,,,,,,,,,
2021-07-11,https://www.benzinga.com/news/small-cap/21/07/21926446/the-latest-barrons-picks-and-pans-meme-stocks-astrazeneca-citigroup-and-more,-0.4856718147634197,-0.9811626672744751,0.49499622331997634,1,0.49499622331997634,,,,,,,,,,,,,,,,,0.49499622331997634,,,,,,,,,,,,,,,,
2021-07-12,https://www.zacks.com/stock/news/1760278/stock-market-news-for-jul-12-2021,0.5053162819073642,0.9975572526454926,0.5066057604681281,2,0.48504914214711164,0.5281623787891446,,,,,,,,,,,,,,,,0.48504914214711164,0.5281623787891446,,,,,,,,,,,,,,,
2021-07-13,https://www.fool.com/investing/2021/07/13/why-carnival-stock-keeps-dropping/,0.515334987329793,0.8618895411491394,0.5979130302970234,1,0.5979130302970234,,,,,,,,,,,,,,,,,0.5979130302970234,,,,,,,,,,,,,,,,
2021-07-13,https://www.fool.com/investing/2021/07/13/is-florida-fumbling-the-cruise-line-recovery/,-1.0707400251230634,-0.9973706801732382,1.0722700925772333,3,2.213535586450991,0.5008917859440759,0.5023829053366327,,,,,,,,,,,,,,,2.213535586450991,0.5008917859440759,0.5023829053366327,,,,,,,,,,,,,,
2021-07-15,https://www.zacks.com/stock/news/1761941/heres-why-investors-should-retain-carnival-ccl-stock-for-now,-0.4691864104281915,-0.9812224507331848,0.4781651806658195,1,0.4781651806658195,,,,,,,,,,,,,,,,,0.4781651806658195,,,,,,,,,,,,,,,,
2021-07-15,https://www.fool.com/investing/2021/07/15/why-carnival-cruise-lines-stock-is-dropping-again/,-0.42901838506435763,-0.999670684337616,0.4291093563294836,2,0.6067296778666113,0.25148903479235596,,,,,,,,,,,,,,,,0.6067296778666113,0.25148903479235596,,,,,,,,,,,,,,,
2021-07-16,https://invezz.com/news/2021/07/16/cruise-stocks-on-the-move-after-canada-gives-green-light-for-tourism-resumption/,1.2616538647113882,0.999675989151001,1.262062786746412,1,1.262062786746412,,,,,,,,,,,,,,,,,1.262062786746412,,,,,,,,,,,,,,,,
2021-07-16,https://www.fool.com/investing/2021/07/16/why-norwegian-cruise-line-is-slumping-this-week/,-0.5111598465581985,-0.9999402761459351,0.5111903768176629,1,0.5111903768176629,,,,,,,,,,,,,,,,,0.5111903768176629,,,,,,,,,,,,,,,,
2021-07-19,https://www.zacks.com/stock/news/1763511/delta-variant-rattles-monday-pre-market,0.007424695491957289,-0.005816727876663208,0.5137501501427157,2,0.503275555130124,0.5242247451553076,,,,,,,,,,,,,,,,0.503275555130124,0.5242247451553076,,,,,,,,,,,,,,,
2021-07-19,https://www.zacks.com/stock/news/1763538/markets-look-to-open-in-the-red-on-delta-variant-fears,0.021557171447647072,-0.005318701267242432,0.499853645537804,2,0.47548254592030037,0.5242247451553076,,,,,,,,,,,,,,,,0.47548254592030037,0.5242247451553076,,,,,,,,,,,,,,,
2021-07-19,https://www.fool.com/investing/2021/07/19/why-all-3-big-cruise-line-stocks-just-crashed/,-0.07063035178983562,-0.09264329075813293,0.508228889468028,2,0.534181006632581,0.4822767723034752,,,,,,,,,,,,,,,,0.534181006632581,0.4822767723034752,,,,,,,,,,,,,,,
2021-07-19,https://www.benzinga.com/markets/options/21/07/22046094/royal-caribbean-fed-the-bears-but-bullish-option-traders-bought-the-dip,-0.4057448218616689,-0.6513659954071045,0.6439042859385115,6,0.5945562118539772,0.6831343532479226,0.6833556484876806,0.6833556484876806,0.6831343532479226,0.535889500305885,,,,,,,,,,,,0.5945562118539772,0.6831343532479226,0.6833556484876806,0.6833556484876806,0.6831343532479226,0.535889500305885,,,,,,,,,,,
2021-07-19,https://www.benzinga.com/news/21/07/22048983/boeing-and-american-express-lead-the-dia-sharply-lower-monday,-0.5096106329782528,-0.9999295473098755,0.5096465389479343,1,0.5096465389479343,,,,,,,,,,,,,,,,,0.5096465389479343,,,,,,,,,,,,,,,,
2021-07-20,https://www.fool.com/investing/2021/07/20/mgm-norwegian-cruise-royal-caribbean-bounce-back/,0.5317950046414586,0.9999415874481201,0.5318261030475223,2,0.5308204965270955,0.5328317095679491,,,,,,,,,,,,,,,,0.5308204965270955,0.5328317095679491,,,,,,,,,,,,,,,
2021-07-21,https://www.fool.com/investing/2021/07/21/why-carnival-is-up-nearly-9-on-wednesday-while-roy/,0.9894486200847937,0.9999127388000488,0.9895252406495897,2,0.6028304854650648,1.3762199958341146,,,,,,,,,,,,,,,,0.6028304854650648,1.3762199958341146,,,,,,,,,,,,,,,
2021-07-21,https://www.zacks.com/stock/news/1764869/carnival-ccl-to-resume-cruise-operations-with-up-to-75-capacity,0.3696541717287972,0.9999747276306152,0.3696637188528502,2,0.2469228037746496,0.4924046339310509,,,,,,,,,,,,,,,,0.2469228037746496,0.4924046339310509,,,,,,,,,,,,,,,
2021-07-28,https://www.marketwatch.com/story/more-employers-should-mandate-covid-19-vaccines-for-workers-for-the-health-of-their-business-11626869716,-0.5016816801775176,-0.9992362260818481,0.502065144440054,1,0.502065144440054,,,,,,,,,,,,,,,,,0.502065144440054,,,,,,,,,,,,,,,,
2021-07-30,https://www.fool.com/investing/2021/07/30/why-all-the-cruise-stocks-are-underwater-today/,-0.5251556997028107,-0.9999337196350098,0.5251905095214712,1,0.5251905095214712,,,,,,,,,,,,,,,,,0.5251905095214712,,,,,,,,,,,,,,,,
2021-07-30,https://www.benzinga.com/news/21/07/22251280/6-passengers-on-royal-caribbean-cruise-test-positive-for-covid-19,-0.6661487022972337,-0.999687910079956,0.666356665495689,1,0.666356665495689,,,,,,,,,,,,,,,,,0.666356665495689,,,,,,,,,,,,,,,,
2021-07-30,https://www.benzinga.com/trading-ideas/long-ideas/21/07/22256693/amazon-ebay-fall-sharply-as-the-qqq-closes-lower-friday,-0.6084303343678941,-0.9999237060546875,0.6084767574603517,1,0.6084767574603517,,,,,,,,,,,,,,,,,0.6084767574603517,,,,,,,,,,,,,,,,
2021-08-02,https://www.zacks.com/stock/news/1772866/is-the-travel-stock-rally-over,0.008031983835197487,-0.0037147104740142822,0.5175077284932896,2,0.5075134532404744,0.5275020037461048,,,,,,,,,,,,,,,,0.5075134532404744,0.5275020037461048,,,,,,,,,,,,,,,
2021-08-03,https://www.fool.com/investing/2021/08/03/why-carnival-royal-caribbean-and-norwegian-cruise/,0.0009825602587053561,-0.0008382797241210938,0.5160530871798754,2,0.5146328297664694,0.5174733445932814,,,,,,,,,,,,,,,,0.5146328297664694,0.5174733445932814,,,,,,,,,,,,,,,
2021-08-03,https://www.zacks.com/stock/news/1773315/whats-in-the-cards-for-royal-caribbeans-rcl-q2-earnings,0.22238168623698776,0.3329495390256246,0.5848044779418768,3,0.5433317908970631,0.6822475385391035,0.5288341043894639,,,,,,,,,,,,,,,0.5433317908970631,0.6822475385391035,0.5288341043894639,,,,,,,,,,,,,,
2021-08-03,https://www.marketwatch.com/story/royal-caribbean-stock-extends-selloff-ahead-of-earnings-11628014968,-0.057919560727817045,-0.3332556088765462,1.1278261415734958,3,1.4793152998665993,0.29938401104141327,1.6047791138124752,,,,,,,,,,,,,,,1.4793152998665993,0.29938401104141327,1.6047791138124752,,,,,,,,,,,,,,
2021-08-04,https://www.zacks.com/stock/news/1774315/royal-caribbean-rcl-q2-earnings-revenues-miss-estimates,-0.4767115979876471,0.332624872525533,0.989235416216172,3,2.1987485343949174,0.24045538058926907,0.5285023336643294,,,,,,,,,,,,,,,2.1987485343949174,0.24045538058926907,0.5285023336643294,,,,,,,,,,,,,,
2021-08-04,https://www.zacks.com/stock/news/1774177/royal-caribbean-rcl-reports-q2-loss-misses-revenue-estimates,-0.09055188973322181,0.0018732845783233643,1.448917704835957,2,1.5423638046208188,1.3554716050510953,,,,,,,,,,,,,,,,1.5423638046208188,1.3554716050510953,,,,,,,,,,,,,,,
2021-08-04,https://www.benzinga.com/news/earnings/21/08/22324256/royal-caribbean-stock-sinks-as-q2-earnings-trails-consensus-forecasts-q3-loss,-1.742837330954645,-0.9488673806190491,1.836755448182446,1,1.836755448182446,,,,,,,,,,,,,,,,,1.836755448182446,,,,,,,,,,,,,,,,
2021-08-04,https://www.fool.com/investing/2021/08/04/why-shares-of-royal-caribbean-are-slumping-today/,0.06380574172173276,-0.004308074712753296,0.5961605677351303,2,0.529496043873704,0.6628250915965564,,,,,,,,,,,,,,,,0.529496043873704,0.6628250915965564,,,,,,,,,,,,,,,
2021-08-05,https://www.fool.com/investing/2021/08/05/why-royal-caribbean-stock-jumped-7-today/,1.2754306840078204,0.9999618530273438,1.2754906393064531,2,2.021825231235548,0.5291560473773587,,,,,,,,,,,,,,,,2.021825231235548,0.5291560473773587,,,,,,,,,,,,,,,
2021-08-05,https://www.fool.com/earnings/call-transcripts/2021/08/05/royal-caribbean-rcl-q2-2021-earnings-call-transcri/,0.5703673177190364,0.6660859783490499,0.7574344593369257,6,0.642277737173861,1.2092060818094166,0.24765371096387898,0.5606810336306688,0.5096898618336985,1.3750983306100297,,,,,,,,,,,,0.642277737173861,1.2092060818094166,0.24765371096387898,0.5606810336306688,0.5096898618336985,1.3750983306100297,,,,,,,,,,,
2021-08-05,https://www.fool.com/investing/2021/08/05/why-carnival-and-norwegian-stocks-popped-today/,1.399820106956857,0.9999394416809082,1.3999221719061867,2,0.5209986134854382,2.2788457303269354,,,,,,,,,,,,,,,,0.5209986134854382,2.2788457303269354,,,,,,,,,,,,,,,
2021-08-06,https://www.zacks.com/stock/news/1776096/norwegian-cruise-nclh-posts-narrower-than-expected-q2-loss,0.500516300878823,0.9987274706363678,0.5011867536826375,2,0.4738803206280473,0.5284931867372277,,,,,,,,,,,,,,,,0.4738803206280473,0.5284931867372277,,,,,,,,,,,,,,,
2021-08-06,https://www.fool.com/investing/2021/08/06/why-carnival-is-rising-today/,0.6099287718378825,0.9994949102401733,0.6102369962957789,1,0.6102369962957789,,,,,,,,,,,,,,,,,0.6102369962957789,,,,,,,,,,,,,,,,
2021-08-09,https://www.fool.com/investing/2021/08/09/norwegian-cruise-line-is-finally-ready-to-sail-in/,-0.044868959729200936,-0.0007809996604919434,0.5450775773977163,2,0.5005925378468311,0.5895626169486017,,,,,,,,,,,,,,,,0.5005925378468311,0.5895626169486017,,,,,,,,,,,,,,,
2021-08-09,https://www.fool.com/investing/2021/08/09/carnival-royal-caribbean-and-norwegian-dropped/,-0.06807752028182901,3.218650817871094e-05,0.5799297690393981,2,0.6480298113603715,0.5118297267184247,,,,,,,,,,,,,,,,0.6480298113603715,0.5118297267184247,,,,,,,,,,,,,,,
2021-08-12,https://www.fool.com/investing/2021/08/12/why-carnival-corporation-stock-dropped-today/,-0.588199043627804,-0.9977797269821167,0.5896274500955574,2,0.5345260807477162,0.6447288194433985,,,,,,,,,,,,,,,,0.5345260807477162,0.6447288194433985,,,,,,,,,,,,,,,
2021-08-20,https://www.fool.com/investing/2021/08/20/is-it-too-soon-to-get-back-into-cruise-line-stocks/,-0.7897613163252195,0.0009282231330871582,1.435998465120218,2,2.2279226675493433,0.6440742626910925,,,,,,,,,,,,,,,,2.2279226675493433,0.6440742626910925,,,,,,,,,,,,,,,
2021-08-21,https://www.marketwatch.com/story/chocolate-champagne-wine-steak-travel-discounts-just-some-of-the-perks-of-being-a-shareholder-11629345015,0.4987605432739567,0.9999202489852905,0.4988003231058618,1,0.4988003231058618,,,,,,,,,,,,,,,,,0.4988003231058618,,,,,,,,,,,,,,,,
2021-08-24,https://www.benzinga.com/markets/options/21/08/22646263/jon-najarian-sees-unusual-options-activity-in-lucid-motors-kura-oncology-and-more,-0.49055305088020124,-0.9590474963188171,0.5115002674665512,1,0.5115002674665512,,,,,,,,,,,,,,,,,0.5115002674665512,,,,,,,,,,,,,,,,
2021-08-25,https://www.fool.com/investing/2021/08/25/1-more-curve-for-carnival-royal-caribbean-norwegia/,-0.1269125931816516,-0.3422553340593974,0.5526289847215909,3,0.5063029542309212,0.5038841888455222,0.6476998110883295,,,,,,,,,,,,,,,0.5063029542309212,0.5038841888455222,0.6476998110883295,,,,,,,,,,,,,,
2021-08-26,https://www.zacks.com/stock/news/1787116/carnival-ccl-delays-princess-cruises-return-to-sailing,0.25819584167039467,0.33412500222524005,0.4235743534064731,3,0.24779627766642773,0.49443095340267845,0.5284958291503131,,,,,,,,,,,,,,,0.24779627766642773,0.49443095340267845,0.5284958291503131,,,,,,,,,,,,,,
2021-08-28,https://www.marketwatch.com/story/the-cost-of-going-unvaccinated-delta-air-lines-is-imposing-an-employee-surcharge-but-there-are-plenty-of-other-penalties-for-shunning-the-shot-11629947700,-0.4878234548203374,-0.9739463925361633,0.5008730034412281,1,0.5008730034412281,,,,,,,,,,,,,,,,,0.5008730034412281,,,,,,,,,,,,,,,,
2021-09-03,https://www.zacks.com/stock/news/1791357/royal-caribbean-rcl-up-62-since-last-earnings-report-can-it-continue,-0.6134490473428278,-0.9730977118015289,0.6293069482739087,2,0.6692518845192841,0.5893620120285333,,,,,,,,,,,,,,,,0.6692518845192841,0.5893620120285333,,,,,,,,,,,,,,,
2021-09-03,https://www.fool.com/investing/2021/09/03/why-royal-caribbean-and-carnival-stocks-slumped/,-0.5321208724955969,-0.9999521970748901,0.5321463106458322,1,0.5321463106458322,,,,,,,,,,,,,,,,,0.5321463106458322,,,,,,,,,,,,,,,,
2021-09-14,https://www.benzinga.com/analyst-ratings/analyst-color/21/09/22938068/cruise-stocks-in-limbo-as-delta-variant-cancellations-derail-sales-recovery,-0.7334708652937001,-0.9998717308044434,0.7335649590808899,1,0.7335649590808899,,,,,,,,,,,,,,,,,0.7335649590808899,,,,,,,,,,,,,,,,
2021-09-16,http://feeds.benzinga.com/~r/benzinga/markets/options/~3/YDNf2VzHHAg/looking-at-royal-caribbeans-smart-money-trades,2.152720339196562,0.9999488592147827,2.152830436635531,1,2.152830436635531,,,,,,,,,,,,,,,,,2.152830436635531,,,,,,,,,,,,,,,,
2021-09-17,https://www.fool.com/investing/2021/09/17/why-carnival-is-rising-today/,-1.163164441961177,3.921985626220703e-05,2.5942429491488603,2,1.4309027057173722,3.7575831925803485,,,,,,,,,,,,,,,,1.4309027057173722,3.7575831925803485,,,,,,,,,,,,,,,
2021-09-23,https://www.fool.com/investing/2021/09/23/carnival-hopes-that-slow-and-steady-will-win-the-r/,0.5070328758171356,0.9996789693832397,0.5071957011658991,1,0.5071957011658991,,,,,,,,,,,,,,,,,0.5071957011658991,,,,,,,,,,,,,,,,
2021-09-24,https://www.fool.com/investing/2021/09/24/why-carnival-is-far-outpacing-the-gains-of-the-mar/,0.5062654419953206,0.9999659061431885,0.5062827031253071,1,0.5062827031253071,,,,,,,,,,,,,,,,,0.5062827031253071,,,,,,,,,,,,,,,,
2021-09-24,https://www.benzinga.com/markets/options/21/09/23095203/follow-what-smart-money-traders-are-doing-with-rcl,1.3865921279716502,0.999957799911499,1.386660563854721,2,2.1499996153159904,0.6233215123934516,,,,,,,,,,,,,,,,2.1499996153159904,0.6233215123934516,,,,,,,,,,,,,,,
2021-09-27,https://www.fool.com/investing/2021/09/27/why-cruise-line-stocks-jumped-on-monday/,0.5216049575680296,0.999972939491272,0.521619072845503,1,0.521619072845503,,,,,,,,,,,,,,,,,0.521619072845503,,,,,,,,,,,,,,,,
2021-09-30,https://news.alphastreet.com/mccormick-co-inc-mkc-q3-2021-earnings-call-transcript/#utm_source=rss&utm_medium=rss&utm_campaign=mccormick-co-inc-mkc-q3-2021-earnings-call-transcript,0.2405641881303024,0.9999746084213257,0.24057029658991497,1,0.24057029658991497,,,,,,,,,,,,,,,,,0.24057029658991497,,,,,,,,,,,,,,,,
2021-10-01,https://www.benzinga.com/pressreleases/21/10/n23193986/thinking-about-trading-options-or-stock-in-marathon-digital-zoom-video-fisker-pfizer-or-royal-cari,0.530122639811499,0.9999668598175049,0.5301402087547651,1,0.5301402087547651,,,,,,,,,,,,,,,,,0.5301402087547651,,,,,,,,,,,,,,,,
2021-10-01,https://www.fool.com/investing/2021/10/01/carnival-royal-caribbean-norwegian-cruise-jump/,0.5109703204190919,0.999796986579895,0.5110712225096106,2,0.5268432780087889,0.4952991670104322,,,,,,,,,,,,,,,,0.5268432780087889,0.4952991670104322,,,,,,,,,,,,,,,
2021-10-01,https://www.fool.com/investing/2021/10/01/the-stock-markets-october-surprise-could-be-positi/,0.5017549135143226,0.9999767541885376,0.501766577485581,1,0.501766577485581,,,,,,,,,,,,,,,,,0.501766577485581,,,,,,,,,,,,,,,,
2021-10-04,https://www.zacks.com/stock/news/1804885/etfs-to-play-the-reopening-trade-on-mercks-oral-antiviral-pill-news,0.8855917835240015,0.9962380528450012,0.887534940056764,2,1.2635568254599698,0.5115130546535583,,,,,,,,,,,,,,,,1.2635568254599698,0.5115130546535583,,,,,,,,,,,,,,,
2021-10-04,https://www.zacks.com/stock/news/1804407/stock-market-news-for-oct-4-2021,0.6304898867295889,0.8285462856292725,0.8080967317401329,2,1.090007268074145,0.5261861954061205,,,,,,,,,,,,,,,,1.090007268074145,0.5261861954061205,,,,,,,,,,,,,,,
2021-10-05,https://www.benzinga.com/analyst-ratings/analyst-color/21/10/23240921/is-it-time-to-buy-cruise-stocks-analyst-weighs-in,-0.8864766054098024,-0.9992660880088806,0.887127679051112,1,0.887127679051112,,,,,,,,,,,,,,,,,0.887127679051112,,,,,,,,,,,,,,,,
2021-10-11,https://www.zacks.com/stock/news/1809303/royal-caribbean-rcl-benefits-from-improvement-in-bookings,0.5447476749301744,0.9961608052253723,0.5466281021820805,3,0.6294845838694854,0.4825598205586488,0.5278399021181073,,,,,,,,,,,,,,,0.6294845838694854,0.4825598205586488,0.5278399021181073,,,,,,,,,,,,,,
2021-10-13,https://www.zacks.com/stock/news/1810047/norwegian-cruise-nclh-bets-on-strong-demand-amid-cash-burn,0.49802770024837717,0.9799638986587524,0.5078670238778069,2,0.48757166896646914,0.5281623787891446,,,,,,,,,,,,,,,,0.48757166896646914,0.5281623787891446,,,,,,,,,,,,,,,
2021-10-15,https://www.investing.com/analysis/royal-caribbean-stock-is-ready-to-leave-the-port-200605197,1.885863616633432,0.9944041669368744,1.8997527075015224,2,2.488272750085578,1.3112326649174668,,,,,,,,,,,,,,,,2.488272750085578,1.3112326649174668,,,,,,,,,,,,,,,
2021-10-25,https://www.fool.com/investing/2021/10/25/buy-norwegian-cruise-line-sell-carnival/,1.4026965234306599,0.9999259263277054,1.4028360051986932,4,0.7674572742808392,2.1448446962379935,0.5355451877101963,2.1634968625657445,,,,,,,,,,,,,,0.7674572742808392,2.1448446962379935,0.5355451877101963,2.1634968625657445,,,,,,,,,,,,,
2021-10-27,https://www.zacks.com/stock/news/1817596/royal-caribbean-rcl-to-post-q3-earnings-whats-in-store,0.5826011331775489,0.9982655843098959,0.5836685182987263,3,0.541355131979211,0.680816318527504,0.5288341043894639,,,,,,,,,,,,,,,0.541355131979211,0.680816318527504,0.5288341043894639,,,,,,,,,,,,,,
2021-10-29,https://www.fool.com/investing/2021/10/29/royal-caribbean-earnings-is-more-about-the-forward/,0.0875942900450833,0.3338275949160258,0.705988260239783,3,0.519075092010176,0.9282917456258857,0.6705979430832875,,,,,,,,,,,,,,,0.519075092010176,0.9282917456258857,0.6705979430832875,,,,,,,,,,,,,,
2021-10-29,https://www.fool.com/earnings/call-transcripts/2021/10/29/royal-caribbean-rcl-q3-2021-earnings-call-transcri/,0.6181924019675981,0.8597909768422445,0.690691908961051,15,0.6411431113513305,0.601121509747377,0.49852957319181823,1.2615770083074511,0.597715032380072,0.49502000250368644,0.4956014954163239,0.4991193455296669,0.6549313313121583,0.5707168202661357,0.7569428685936226,0.5100793125804075,0.8081053998210819,0.5725518207516557,1.3972240026629765,,,0.6411431113513305,0.601121509747377,0.49852957319181823,1.2615770083074511,0.597715032380072,0.49502000250368644,0.4956014954163239,0.4991193455296669,0.6549313313121583,0.5707168202661357,0.7569428685936226,0.5100793125804075,0.8081053998210819,0.5725518207516557,1.3972240026629765,,
2021-10-29,https://www.zacks.com/stock/news/1819798/royal-caribbean-rcl-reports-q3-loss-misses-revenue-estimates,-0.07360508777586272,0.011883825063705444,1.4498052988788652,2,1.541750613062483,1.3578599846952475,,,,,,,,,,,,,,,,1.541750613062483,1.3578599846952475,,,,,,,,,,,,,,,
2021-10-29,https://www.zacks.com/stock/news/1820007/royal-caribbean-rcl-q3-earnings-miss-estimates-bookings-up,0.47693751952838886,0.9993944962819418,0.47730553280611215,3,0.6633467714250785,0.2407294450250563,0.5278403819682015,,,,,,,,,,,,,,,0.6633467714250785,0.2407294450250563,0.5278403819682015,,,,,,,,,,,,,,
2021-10-30,https://invezz.com/news/2021/10/30/is-it-too-risky-to-buy-royal-caribbean-shares-after-soft-q3-results/,0.7138091041306579,0.03630217909812927,1.5633581863221815,2,0.8812476009833947,2.2454687716609683,,,,,,,,,,,,,,,,0.8812476009833947,2.2454687716609683,,,,,,,,,,,,,,,
2021-10-30,https://www.benzinga.com/media/21/10/23770019/barrons-latest-picks-and-pans-cinemark-sonos-robinhood-royal-caribbean-and-more,-0.5783320733948378,-0.9874705672264099,0.5856701886510368,1,0.5856701886510368,,,,,,,,,,,,,,,,,0.5856701886510368,,,,,,,,,,,,,,,,
2021-11-01,https://www.benzinga.com/analyst-ratings/analyst-color/21/11/23797914/royal-caribbean-analyst-says-business-will-be-back-to-normal-by-mid-2022,0.8175253387972454,0.999975323677063,0.8175457418756776,2,1.0096915810925713,0.625399902658784,,,,,,,,,,,,,,,,1.0096915810925713,0.625399902658784,,,,,,,,,,,,,,,
2021-11-03,https://www.zacks.com/stock/news/1822798/norwegian-cruise-nclh-posts-wider-than-expected-q3-loss,0.5147987734092031,0.9982572197914124,0.5157189669596343,2,0.503275555130124,0.5281623787891446,,,,,,,,,,,,,,,,0.503275555130124,0.5281623787891446,,,,,,,,,,,,,,,
2021-11-05,https://www.marketwatch.com/story/stock-futures-rise-pointing-to-more-wall-street-records-as-investors-await-october-payrolls-11636110707,0.48166932054371675,0.9999071359634399,0.4817140544552812,1,0.4817140544552812,,,,,,,,,,,,,,,,,0.4817140544552812,,,,,,,,,,,,,,,,
2021-11-05,https://www.benzinga.com/news/21/11/23928044/royal-caribbeans-stock-soars-to-new-highs-whats-next,-0.6183058535379004,-0.333154559135437,1.2469600652105963,3,0.9427671960968221,2.1777686372249008,0.620344362310066,,,,,,,,,,,,,,,0.9427671960968221,2.1777686372249008,0.620344362310066,,,,,,,,,,,,,,
2021-11-08,https://www.zacks.com/stock/news/1825066/stock-market-news-for-nov-8-2021,2.350548200832556,0.9736516773700714,2.364419237372052,2,4.204287837351327,0.524550637392777,,,,,,,,,,,,,,,,4.204287837351327,0.524550637392777,,,,,,,,,,,,,,,
2021-11-08,https://www.benzinga.com/trading-ideas/long-ideas/21/11/23943454/carter-worth-on-whether-disney-can-get-its-magic-back,0.27575973531788556,0.5407535433769226,0.5099545600678055,1,0.5099545600678055,,,,,,,,,,,,,,,,,0.5099545600678055,,,,,,,,,,,,,,,,
2021-11-08,https://www.zacks.com/commentary/1824893/3-leisure-recreation-services-stocks-braving-industry-odds,0.4888604854374596,0.993332028388977,0.4921073686415762,3,0.4773695345627713,0.476022998157956,0.5229295732040015,,,,,,,,,,,,,,,0.4773695345627713,0.476022998157956,0.5229295732040015,,,,,,,,,,,,,,
2021-11-16,https://www.fool.com/investing/2021/11/16/why-cruise-stocks-sank-today/,-0.4945263015826383,-0.964200347661972,0.5122483497738982,2,0.5294881016316019,0.49500859791619456,,,,,,,,,,,,,,,,0.5294881016316019,0.49500859791619456,,,,,,,,,,,,,,,
2021-11-19,https://www.benzinga.com/markets/cryptocurrency/21/11/24195751/palo-alto-networks-and-intuit-keeping-the-nasdaq-in-the-black,-0.5047168742488065,-0.9998980760574341,0.5047683222262902,1,0.5047683222262902,,,,,,,,,,,,,,,,,0.5047683222262902,,,,,,,,,,,,,,,,
2021-11-19,https://www.investing.com/analysis/rising-covid19-cases-in-europe-drag-dow-30-sp-500-oil-and-yields-200608949,-0.5044100638097887,-0.9998880624771118,0.5044665325438217,1,0.5044665325438217,,,,,,,,,,,,,,,,,0.5044665325438217,,,,,,,,,,,,,,,,
2021-11-26,https://www.marketwatch.com/story/travel-stocks-slump-and-vaccine-maker-stocks-rally-as-who-gears-up-to-assess-new-coronavirus-variant-11637931681,-0.7585829510641662,-0.9985395669937134,0.7596924309649735,1,0.7596924309649735,,,,,,,,,,,,,,,,,0.7596924309649735,,,,,,,,,,,,,,,,
2021-11-26,https://www.fool.com/investing/2021/11/26/carnival-stock-norwegian-royal-caribbean-sink/,-0.01843552507372337,-0.00013712048530578613,0.5045461254639032,2,0.5229252155664991,0.48616703536130745,,,,,,,,,,,,,,,,0.5229252155664991,0.48616703536130745,,,,,,,,,,,,,,,
2021-11-26,https://www.fool.com/investing/2021/11/26/will-new-covid-19-variant-sink-struggling-stocks/,-1.2403219046206668,-0.998994380235672,1.2410363131518038,2,1.9787970711734835,0.503275555130124,,,,,,,,,,,,,,,,1.9787970711734835,0.503275555130124,,,,,,,,,,,,,,,
2021-11-29,https://www.fool.com/investing/2021/11/29/carnival-stock-norwegian-royal-caribbean-popped/,0.550628241963049,0.9996080696582794,0.5508217727073956,2,0.6149115729115944,0.48673197250319694,,,,,,,,,,,,,,,,0.6149115729115944,0.48673197250319694,,,,,,,,,,,,,,,
2021-11-29,https://www.zacks.com/stock/news/1832693/stock-market-news-for-nov-29-2021,0.02721366828541741,0.022619038820266724,0.5050055346425342,2,0.4887012332935246,0.5213098359915438,,,,,,,,,,,,,,,,0.4887012332935246,0.5213098359915438,,,,,,,,,,,,,,,
2021-11-30,https://www.fool.com/investing/2021/11/30/why-carnival-corporation-stock-is-underwater-today/,-0.5274663052543326,-0.9999573230743408,0.5274888168553555,1,0.5274888168553555,,,,,,,,,,,,,,,,,0.5274888168553555,,,,,,,,,,,,,,,,
2021-12-01,https://www.benzinga.com/news/earnings/21/12/24381770/inflation-the-feds-new-focus,-0.5014354104246992,-0.9993399977684021,0.501766577485581,1,0.501766577485581,,,,,,,,,,,,,,,,,0.501766577485581,,,,,,,,,,,,,,,,
2021-12-01,https://www.fool.com/investing/2021/12/01/why-carnival-stock-investors-have-no-worries-today/,1.3725041042656037,0.999866396188736,1.3726451490323048,2,0.6196556578396488,2.125634640224961,,,,,,,,,,,,,,,,0.6196556578396488,2.125634640224961,,,,,,,,,,,,,,,
2021-12-02,https://www.fool.com/investing/2021/12/02/carnival-stock-norwegian-royal-caribbean-popped/,-1.4702460856087038,-0.0008840858936309814,2.0856167761527513,2,0.6158091137847536,3.555424438520749,,,,,,,,,,,,,,,,0.6158091137847536,3.555424438520749,,,,,,,,,,,,,,,
2021-12-02,https://www.zacks.com/stock/news/1834439/stock-market-news-for-dec-2-2021,-1.1868172565176731,0.056309282779693604,1.988876232663821,2,3.4535277201723344,0.5242247451553076,,,,,,,,,,,,,,,,3.4535277201723344,0.5242247451553076,,,,,,,,,,,,,,,
2021-12-03,https://www.fool.com/investing/2021/12/03/7-stocks-that-moved-the-most-in-november/,-0.4915130347935329,-0.9999535083770752,0.49153588709464974,1,0.49153588709464974,,,,,,,,,,,,,,,,,0.49153588709464974,,,,,,,,,,,,,,,,
2021-12-03,https://www.zacks.com/stock/news/1835030/stock-market-news-for-dec-3-2021,-1.4474399191223029,0.013861507177352905,2.0408032830981755,2,3.5554203707902303,0.5261861954061205,,,,,,,,,,,,,,,,3.5554203707902303,0.5261861954061205,,,,,,,,,,,,,,,
2021-12-05,https://japantoday.com/category/world/former-dutch-queen-beatrix-tests-positive-for-coronavirus,-0.14910621810861113,0.0011837482452392578,0.41418994661789144,2,0.2644122046699631,0.5639676885658198,,,,,,,,,,,,,,,,0.2644122046699631,0.5639676885658198,,,,,,,,,,,,,,,
2021-12-05,http://thepointsguy.com/guide/cruise-ship-things-to-try/,0.4533424653192837,0.9999665021896362,0.4533591361930922,3,0.25284696062898754,0.603047338798637,0.504183109151652,,,,,,,,,,,,,,,0.25284696062898754,0.603047338798637,0.504183109151652,,,,,,,,,,,,,,
2021-12-05,https://soldiersystems.net/2021/12/05/scubapro-sunday-pirates/,0.0045652254618762655,0.3440117637316386,0.33109198183958893,3,0.24520271364869187,0.2498495011495871,0.4982237307204877,,,,,,,,,,,,,,,0.24520271364869187,0.2498495011495871,0.4982237307204877,,,,,,,,,,,,,,
2021-12-06,https://www.valuewalk.com/oanda-stocks-get-major-boost-from-easing-omicron-worries-oil-rallies-gold-struggles-bitcoin-crash-aftermath/,0.48683805156695875,0.9950584173202515,0.48925574930368526,1,0.48925574930368526,,,,,,,,,,,,,,,,,0.48925574930368526,,,,,,,,,,,,,,,,
2021-12-06,https://milesforfamily.com/2021/12/06/17-covid-cases-on-cruise-ship-cause-concern-among-future-cruise-passengers/,-0.49434621956814623,-0.9998586177825928,0.49441612121568557,1,0.49441612121568557,,,,,,,,,,,,,,,,,0.49441612121568557,,,,,,,,,,,,,,,,
2021-12-06,https://blogs.microsoft.com/on-the-issues/2021/12/06/cyberattacks-nickel-dcu-china/,0.4873825887563513,0.9984819293022156,0.48812359488263984,1,0.48812359488263984,,,,,,,,,,,,,,,,,0.48812359488263984,,,,,,,,,,,,,,,,
2021-12-06,https://www.newsweek.com/uk-school-ditch-name-british-slave-trader-whose-statue-was-thrown-harbor-1656493,0.5562746318567718,0.9999744892120361,0.5562888232229878,1,0.5562888232229878,,,,,,,,,,,,,,,,,0.5562888232229878,,,,,,,,,,,,,,,,
2021-12-06,https://www.bleepingcomputer.com/news/microsoft/microsoft-seizes-sites-used-by-apt15-chinese-state-hackers/,-0.4731668281209482,-0.9979585409164429,0.47413475482301176,1,0.47413475482301176,,,,,,,,,,,,,,,,,0.47413475482301176,,,,,,,,,,,,,,,,
2021-12-06,https://www.hotukdeals.com/deals/captain-morgans-spiced-rum-1l-ps1599-at-morrisons-3844488,0.3053353470998892,0.9999704957008362,0.3053442991557291,2,0.31631962803032254,0.2943689702811356,,,,,,,,,,,,,,,,0.31631962803032254,0.2943689702811356,,,,,,,,,,,,,,,
2021-12-06,https://www.dailyfx.com/forex/fundamental/article/fundamentals_vs_technicals/2021/12/06/Dow-Jones-Leaps-as-Omicron-Fears-Ease-Airline-Stocks-Take-Off-as-Bargain-Hunters-Swoop-In.html,0.49353403943755525,0.9999706745147705,0.4935485129871829,1,0.4935485129871829,,,,,,,,,,,,,,,,,0.4935485129871829,,,,,,,,,,,,,,,,
2021-12-06,https://www.zdnet.com/article/microsoft-seizes-domains-used-to-attack-29-governments-across-latin-america-caribbean-europe/,0.23262772596325798,0.9432727694511414,0.24661766298905904,1,0.24661766298905904,,,,,,,,,,,,,,,,,0.24661766298905904,,,,,,,,,,,,,,,,
2021-12-06,https://www.telegraph.co.uk/christmas/0/christmas-last-posting-dates-2021-royal-mail-deadlines-international-uk/,-0.3231993271444597,-0.9990358352661133,0.3235112452781727,1,0.3235112452781727,,,,,,,,,,,,,,,,,0.3235112452781727,,,,,,,,,,,,,,,,
2021-12-06,https://www.dailymail.co.uk/sciencetech/article-10281749/Microsoft-disrupts-Chinese-cyber-spying-group-seizing-42-websites-used-hackers.html,0.47314145258622137,0.9782786965370178,0.48364689352950435,1,0.48364689352950435,,,,,,,,,,,,,,,,,0.48364689352950435,,,,,,,,,,,,,,,,
2021-12-06,https://www.newser.com/story/314198/fauci-remarks-help-lift-travel-stocks.html,0.5196389658168249,0.9986673593521118,0.5203323818993565,1,0.5203323818993565,,,,,,,,,,,,,,,,,0.5203323818993565,,,,,,,,,,,,,,,,
2021-12-06,https://nypost.com/2021/12/06/dow-jumps-650-points-as-stocks-swing-amid-omicron-threat/,-0.48716046406888935,-0.9986042380332947,0.487841374505209,1,0.487841374505209,,,,,,,,,,,,,,,,,0.487841374505209,,,,,,,,,,,,,,,,
2021-12-06,https://www.dailymail.co.uk/news/article-10280525/Private-school-Bristol-drop-17th-century-slave-trader-Edward-Colston.html,0.13845338863189643,0.03475236892700195,0.39238558218184894,2,0.2568464543404095,0.5279247100232884,,,,,,,,,,,,,,,,0.2568464543404095,0.5279247100232884,,,,,,,,,,,,,,,
2021-12-06,https://www.thestar.com/news/world/europe/2021/12/06/school-in-uk-city-of-bristol-to-ditch-slave-traders-name.html,0.5521364696793322,0.9999780654907227,0.5521485807875,1,0.5521485807875,,,,,,,,,,,,,,,,,0.5521485807875,,,,,,,,,,,,,,,,
2021-12-06,https://newrepublic.com/article/164411/accidental-gods-review-cortes-captain-cook-prince-philip,0.4754569994457725,0.9999712705612183,0.4754706594509757,1,0.4754706594509757,,,,,,,,,,,,,,,,,0.4754706594509757,,,,,,,,,,,,,,,,
2021-12-06,https://www.independent.co.uk/news/world/americas/crime/epstein-island-little-st-james-maxwell-b1970539.html,0.17412479502977862,0.3905348579088847,0.32060172942752185,3,0.4811766778222024,0.24031425523018157,0.24031425523018157,,,,,,,,,,,,,,,0.4811766778222024,0.24031425523018157,0.24031425523018157,,,,,,,,,,,,,,
2021-12-06,https://www.marketwatch.com/story/cruise-stocks-help-lead-sp-500-gainers-with-biggest-gains-this-year-2021-12-06,0.5114877674719358,0.9999755620956421,0.5115002674665512,1,0.5115002674665512,,,,,,,,,,,,,,,,,0.5115002674665512,,,,,,,,,,,,,,,,
2021-12-06,https://www.dailymail.co.uk/news/article-10280045/Prince-Andrew-goes-drive-horseride-Windsor-Castle.html,-0.04965329257629337,-0.27969956398010254,0.2650026383054222,3,0.2511883128536534,0.30281896337704595,0.2410006386855672,,,,,,,,,,,,,,,0.2511883128536534,0.30281896337704595,0.2410006386855672,,,,,,,,,,,,,,
2021-12-06,https://abcnews.go.com/International/wireStory/school-uk-city-bristol-ditch-slave-traders-81584218,0.15103426371180648,0.00011345744132995605,0.4029472891270535,2,0.5539562628682864,0.2519383153858207,,,,,,,,,,,,,,,,0.5539562628682864,0.2519383153858207,,,,,,,,,,,,,,,
2021-12-06,https://news.yahoo.com/factbox-cruises-trying-keep-u-235353820.html,-0.5635105201267221,-0.9967648983001709,0.5653455968806528,2,0.5784504624906519,0.5522407312706537,,,,,,,,,,,,,,,,0.5784504624906519,0.5522407312706537,,,,,,,,,,,,,,,
2021-12-06,https://www.fool.com/investing/2021/12/06/why-carnival-royal-caribbean-and-amc-entertainment/,0.6154101178242126,0.9986310601234436,0.6162537321322051,1,0.6162537321322051,,,,,,,,,,,,,,,,,0.6162537321322051,,,,,,,,,,,,,,,,
2021-12-06,https://www.cnbc.com/2021/12/06/boeing-travel-stocks-surge-as-investors-shrug-off-omicron-concerns.html,-0.2522331703645657,-0.9988538026809692,0.2525226111044082,1,0.2525226111044082,,,,,,,,,,,,,,,,,0.2525226111044082,,,,,,,,,,,,,,,,
2021-12-06,https://www.reuters.com/business/healthcare-pharmaceuticals/how-cruises-are-trying-keep-us-passengers-safe-covid-19-2021-12-06/,-0.6039344868882871,-0.9979031085968018,0.605203532973765,1,0.605203532973765,,,,,,,,,,,,,,,,,0.605203532973765,,,,,,,,,,,,,,,,
2021-12-07,https://www.dailymail.co.uk/news/article-10283359/Woman-Kate-claims-sex-Epstein-Ghislaine-Maxwells-Belgravia-mansion.html,0.13516065452283532,0.5005080848932266,0.25665109154605475,4,0.241830701323064,0.24364626484973329,0.2979025267889578,0.24322487322246406,,,,,,,,,,,,,,0.241830701323064,0.24364626484973329,0.2979025267889578,0.24322487322246406,,,,,,,,,,,,,
2021-12-07,https://matadornetwork.com/read/airbnb-london/,0.39502079546204505,0.9999761581420898,0.39503036011947423,2,0.5314847828255276,0.25857593741342094,,,,,,,,,,,,,,,,0.5314847828255276,0.25857593741342094,,,,,,,,,,,,,,,
2021-12-07,http://hyperallergic.com/697636/colonial-fault-lines-fracture-the-madrid-art-landscape/,0.37160593605214826,0.999970555305481,0.3716168192214972,2,0.4952950396549522,0.24793859878804222,,,,,,,,,,,,,,,,0.4952950396549522,0.24793859878804222,,,,,,,,,,,,,,,
2021-12-07,https://www.techtimes.com/articles/269027/20211206/microsoft-claims-china-based-nickel-group-attacked-government-groups-and-ngo-dozens-of-domains-seized.htm,0.005032978429320253,0.01779484748840332,0.2440638394751048,2,0.2433578744576464,0.24476980449256322,,,,,,,,,,,,,,,,0.2433578744576464,0.24476980449256322,,,,,,,,,,,,,,,
2021-12-07,https://nypost.com/2021/12/07/dow-surges-500-points-after-omicron-sell-off/,0.4981978532908045,0.9999730587005615,0.4982112757499681,1,0.4982112757499681,,,,,,,,,,,,,,,,,0.4982112757499681,,,,,,,,,,,,,,,,
2021-12-07,https://www.dailymail.co.uk/news/article-10283359/Woman-Kate-claims-raped-Epstein-Ghislaine-Maxwells-Belgravia-mansion.html,0.13516065452283532,0.5005080848932266,0.25665109154605475,4,0.241830701323064,0.24364626484973329,0.2979025267889578,0.24322487322246406,,,,,,,,,,,,,,0.241830701323064,0.24364626484973329,0.2979025267889578,0.24322487322246406,,,,,,,,,,,,,
2021-12-07,http://thepointsguy.com/guide/elite-status-travel/,0.4759944775007668,0.9999734163284302,0.47600713151801594,1,0.47600713151801594,,,,,,,,,,,,,,,,,0.47600713151801594,,,,,,,,,,,,,,,,
2021-12-07,https://www.cybersecurity-help.cz/blog/2460.html,-0.0003297337701426428,-0.000125885009765625,0.2510329277454807,2,0.2513316727798154,0.25073418271114606,,,,,,,,,,,,,,,,0.2513316727798154,0.25073418271114606,,,,,,,,,,,,,,,
2021-12-07,http://thepointsguy.com/guide/covid-tests-for-cruises/,0.5086061740624317,0.999767005443573,0.5087247041492184,1,0.5087247041492184,,,,,,,,,,,,,,,,,0.5087247041492184,,,,,,,,,,,,,,,,
2021-12-07,https://www.securityweek.com/microsoft-seizes-domains-used-china-linked-apt-nickel,0.474390646368186,0.9645568132400513,0.49182239952736034,1,0.49182239952736034,,,,,,,,,,,,,,,,,0.49182239952736034,,,,,,,,,,,,,,,,
2021-12-07,https://www.theverge.com/2021/12/7/22822255/microsoft-hackers-china-nickel-apt15,-0.3650125251161416,-0.735674262046814,0.49616052096289637,1,0.49616052096289637,,,,,,,,,,,,,,,,,0.49616052096289637,,,,,,,,,,,,,,,,
2021-12-07,https://www.dailymail.co.uk/news/article-10285817/Ghislaine-Maxwell-jury-shown-photos-alleged-madam-massaging-Epsteins-feet.html,-0.24543406824099906,-0.9998951554298401,0.24545996697827724,2,0.25544043071687716,0.2354795032396773,,,,,,,,,,,,,,,,0.25544043071687716,0.2354795032396773,,,,,,,,,,,,,,,
2021-12-07,https://www.dailymail.co.uk/travel/travel_news/article-10271457/Amazing-video-shows-Odyssey-Seas-pulled-carefully-sea-river.html,0.6426662227064373,-0.06610074639320374,1.2752069750080404,2,0.4675818596185651,2.0828320903975155,,,,,,,,,,,,,,,,0.4675818596185651,2.0828320903975155,,,,,,,,,,,,,,,
2021-12-07,https://www.washingtonpost.com/history/2021/12/07/pacific-clipper-pan-am-pearl-harbor/,0.0011446752947012057,-2.3543834686279297e-05,0.2463473477736634,2,0.24519658388733864,0.24749811165998817,,,,,,,,,,,,,,,,0.24519658388733864,0.24749811165998817,,,,,,,,,,,,,,,
2021-12-07,https://www.benzinga.com/analyst-ratings/analyst-color/21/12/24486820/carnival-cruise-pricing-weakness-extends-to-the-second-half-of-2022,0.06639011690806773,-0.14606183767318726,0.738508679823058,2,0.9428296758344168,0.5341876838116991,,,,,,,,,,,,,,,,0.9428296758344168,0.5341876838116991,,,,,,,,,,,,,,,
2021-12-07,https://arstechnica.com/information-technology/2021/12/microsoft-seizes-domains-used-by-highly-sophisticated-hackers-in-china/,-0.47517987729474054,-0.9999516010284424,0.4752028766252504,1,0.4752028766252504,,,,,,,,,,,,,,,,,0.4752028766252504,,,,,,,,,,,,,,,,
2021-12-07,https://www.indiatimes.com/explainers/news/barbados-the-new-republic-556170.html,0.10146896191576031,0.32745033502578735,0.4603010705870985,3,0.5309843398719271,0.31632243972910845,0.5335964321602601,,,,,,,,,,,,,,,0.5309843398719271,0.31632243972910845,0.5335964321602601,,,,,,,,,,,,,,
2021-12-08,https://www.cnbc.com/2021/12/08/stocks-making-the-biggest-moves-midday-stitch-fix-roku-norwegian-cruise-line-and-more.html,0.5002268702840478,0.9998956918716431,0.50027905345577,1,0.50027905345577,,,,,,,,,,,,,,,,,0.50027905345577,,,,,,,,,,,,,,,,
2021-12-08,https://finance.yahoo.com/news/hedge-funds-love-dish-network-011718675.html,0.5002614602721608,0.9999648332595825,0.50027905345577,1,0.50027905345577,,,,,,,,,,,,,,,,,0.50027905345577,,,,,,,,,,,,,,,,
2021-12-08,https://www.fool.com/investing/2021/12/08/why-carnival-royal-caribbean-and-norwegian-cruise/,0.5158800237231722,0.9999685883522034,0.5158962426926293,2,0.5174733445932814,0.5143191407919773,,,,,,,,,,,,,,,,0.5174733445932814,0.5143191407919773,,,,,,,,,,,,,,,
2021-12-08,https://www.reuters.com/business/energy/trinidad-offer-onshore-shallow-water-blocks-2022-auction-2021-12-08/,0.43667923903060823,0.33543725808461505,1.6451161624493524,3,2.863204192644074,1.819755927328362,0.2523883673756216,,,,,,,,,,,,,,,2.863204192644074,1.819755927328362,0.2523883673756216,,,,,,,,,,,,,,
2021-12-08,https://www.zacks.com/stock/news/1836686/heres-why-you-should-retain-royal-caribbean-rcl-stock,0.026412142360894036,3.647804260253906e-05,0.5255048598780555,2,0.5518993777679004,0.49911034198821064,,,,,,,,,,,,,,,,0.5518993777679004,0.49911034198821064,,,,,,,,,,,,,,,
2021-12-08,https://thehill.com/changing-america/respect/equality/584966-canada-officially-bans-lgbtq-conversion-therapy,0.3003236972011003,0.9999711513519287,0.3003323613836983,1,0.3003323613836983,,,,,,,,,,,,,,,,,0.3003323613836983,,,,,,,,,,,,,,,,
2021-12-08,https://www.marketwatch.com/story/carnival-stock-surges-on-nyse-leading-volume-flirts-briefly-with-bull-market-bounce-2021-12-08,0.3066327257630395,0.6147404313087463,0.4988003231058618,1,0.4988003231058618,,,,,,,,,,,,,,,,,0.4988003231058618,,,,,,,,,,,,,,,,
2021-12-08,https://finance.yahoo.com/news/royal-caribbean-cruises-ltd-rcl-181005854.html,0.9763012634228948,0.32576265931129456,1.36514105842222,6,0.4988228877749325,0.6206408352012484,0.6017628659373713,2.094013294002327,2.0679955108567554,2.307610956760685,,,,,,,,,,,,0.4988228877749325,0.6206408352012484,0.6017628659373713,2.094013294002327,2.0679955108567554,2.307610956760685,,,,,,,,,,,
2021-12-08,https://www.itpro.co.uk/security/cyber-attacks/361766/microsoft-seizes-domains-chinese-hacking-group,-0.48060877765682664,-0.9720734357833862,0.49441612121568557,1,0.49441612121568557,,,,,,,,,,,,,,,,,0.49441612121568557,,,,,,,,,,,,,,,,
2021-12-08,https://www.cbc.ca/news/politics/prince-harry-rcmp-protection-1.6276872,0.022602159066950307,0.13647215706961496,0.3224271769791799,7,0.24620898490326867,0.2979066229231003,0.49676645858711144,0.24955860235626048,0.29906808182116584,0.3340377476341286,0.333443740629224,,,,,,,,,,,0.24620898490326867,0.2979066229231003,0.49676645858711144,0.24955860235626048,0.29906808182116584,0.3340377476341286,0.333443740629224,,,,,,,,,,
2021-12-08,https://www.investing.com/news/stock-market-news/futures-rise-after-positive-vaccine-update-from-pfizer-2704237,-0.4560323382658421,-0.9402011036872864,0.48503701652483894,1,0.48503701652483894,,,,,,,,,,,,,,,,,0.48503701652483894,,,,,,,,,,,,,,,,
2021-12-08,https://iasexamportal.com/daily-current-affairs/08-december-2021,0.5481262997228383,0.9973288774490356,0.549594333541042,1,0.549594333541042,,,,,,,,,,,,,,,,,0.549594333541042,,,,,,,,,,,,,,,,
2021-12-08,https://www.dailymail.co.uk/news/article-10288293/Treasure-trove-never-seen-photos-loved-Jeffrey-Epstein-Ghislaine-Maxwell.html,-0.23986395924848358,-0.9703092277050018,0.24714890567155137,2,0.24895863674055635,0.2453391746025464,,,,,,,,,,,,,,,,0.24895863674055635,0.2453391746025464,,,,,,,,,,,,,,,
2021-12-08,https://www.reuters.com/markets/europe/wall-st-closes-higher-vaccine-update-feeds-optimism-2021-12-08/,-0.44621449438158106,-0.9056810140609741,0.4926839444064354,1,0.4926839444064354,,,,,,,,,,,,,,,,,0.4926839444064354,,,,,,,,,,,,,,,,
2021-12-08,https://www.dailymail.co.uk/news/article-10289211/Ghislaine-Maxwell-Jeffrey-Epstein-lounge-Queens-log-cabin-Balmoral.html,-0.15529952290983665,-0.3644298315048218,0.3445494379914551,3,0.2957086142305061,0.49401291462652,0.24392678511733926,,,,,,,,,,,,,,,0.2957086142305061,0.49401291462652,0.24392678511733926,,,,,,,,,,,,,,
2021-12-08,https://www.orlandosentinel.com/business/tourism/os-bz-port-canaveral-cruise-december-commission-meeting-20211208-w3kmnjva6ra77dm5xhn566vvyi-story.html,0.03410289234369285,0.10292768478393555,0.5565944061897625,2,0.5824422769788025,0.5307465354007225,,,,,,,,,,,,,,,,0.5824422769788025,0.5307465354007225,,,,,,,,,,,,,,,
2021-12-08,https://www.rogerebert.com/interviews/dante-basco-caroline-goodall-jake-hart-james-v-hart-and-charlie-korsmo-malia-scotch-marmo-hook,-0.25081467237780725,-0.953386664390564,0.26388344934420965,3,0.2529958748017145,0.29416225191912837,0.24449222131178608,,,,,,,,,,,,,,,0.2529958748017145,0.29416225191912837,0.24449222131178608,,,,,,,,,,,,,,
2021-12-08,https://cboardinggroup.com/unique-things-to-do-in-st-augustine/,0.5090025453197129,0.9999428987503052,0.5090316116608729,1,0.5090316116608729,,,,,,,,,,,,,,,,,0.5090316116608729,,,,,,,,,,,,,,,,
2021-12-08,https://www.cbsnews.com/pictures/the-best-places-to-work-in-2021-ranked/,0.524516451758226,0.9999598264694214,0.5245375242824974,1,0.5245375242824974,,,,,,,,,,,,,,,,,0.5245375242824974,,,,,,,,,,,,,,,,
2021-12-08,https://www.forbes.com/sites/sergeiklebnikov/2021/12/08/cruise-stocks-sail-higher-as-investors-continue-to-brush-off-omicron-fears/,0.644291503369286,0.9999579787254333,0.6443204062236538,2,0.5351974725716929,0.7534433398756146,,,,,,,,,,,,,,,,0.5351974725716929,0.7534433398756146,,,,,,,,,,,,,,,
2021-12-08,https://finance.yahoo.com/news/sol-rashidi-chief-analytics-officer-135200130.html,0.4749238454487316,0.9999756813049316,0.47493539525778605,1,0.47493539525778605,,,,,,,,,,,,,,,,,0.47493539525778605,,,,,,,,,,,,,,,,
2021-12-08,https://finance.yahoo.com/news/hedge-funds-cashing-catalent-inc-161435579.html,-0.5748520595379777,-0.9566619396209717,0.6008936236825031,1,0.6008936236825031,,,,,,,,,,,,,,,,,0.6008936236825031,,,,,,,,,,,,,,,,
2021-12-09,https://finance.yahoo.com/news/hedge-funds-love-verisign-inc-030522217.html,-0.49907299862812177,-0.9999551773071289,0.49909536942657895,1,0.49909536942657895,,,,,,,,,,,,,,,,,0.49909536942657895,,,,,,,,,,,,,,,,
2021-12-09,https://www.dailymail.co.uk/travel/escape/article-10274435/Bahamas-holidays-glamorous-sprinkling-Atlantic-Ocean-islands-accessible-ever.html,0.6996343284040031,0.9999658167362213,0.6996555685211647,4,0.244636028778429,0.24294556412532828,1.7664711153270836,0.5445695658538182,,,,,,,,,,,,,,0.244636028778429,0.24294556412532828,1.7664711153270836,0.5445695658538182,,,,,,,,,,,,,
2021-12-09,https://www.investing.com/analysis/investors-appear-to-be-pausing-ahead-of-fridays-inflation-report-200611048,-0.4086819180434092,-0.8459693193435669,0.4830930728794367,1,0.4830930728794367,,,,,,,,,,,,,,,,,0.4830930728794367,,,,,,,,,,,,,,,,
2021-12-09,http://hyperallergic.com/697772/the-best-of-2021-our-top-10-exhibitions-around-the-world/,0.30079551105597463,0.9999614159266154,0.30080711685057443,3,0.30077060264644145,0.3014152427325324,0.3002355051727495,,,,,,,,,,,,,,,0.30077060264644145,0.3014152427325324,0.3002355051727495,,,,,,,,,,,,,,
2021-12-09,https://amp.theguardian.com/commentisfree/2021/dec/09/ocean-loud-fish-indonesian-reef-sound,-0.02397171577953837,-0.09403032064437866,0.24859363969721238,2,0.24925281270975716,0.24793446668466756,,,,,,,,,,,,,,,,0.24925281270975716,0.24793446668466756,,,,,,,,,,,,,,,
2021-12-09,https://www.forbes.com/sites/jjkinahan/2021/12/09/vix-still-slightly-elevated-despite-sp-500-trading-near-all-time-highs/,0.49228429908986876,0.9991888403892517,0.4926839444064354,1,0.4926839444064354,,,,,,,,,,,,,,,,,0.4926839444064354,,,,,,,,,,,,,,,,
2021-12-09,https://philly.eater.com/22820326/guide-to-universal-ingredients-philly-vietnamese-colombian-elkins-park-northeast,0.28370790371264376,0.9999710917472839,0.2837159376672952,2,0.31846701478371076,0.24896486055087969,,,,,,,,,,,,,,,,0.31846701478371076,0.24896486055087969,,,,,,,,,,,,,,,
2021-12-09,http://thepointsguy.com/guide/do-children-need-to-be-vaccinated-to-cruise/,0.631131297154883,0.9978623986244202,0.6324832943148417,1,0.6324832943148417,,,,,,,,,,,,,,,,,0.6324832943148417,,,,,,,,,,,,,,,,
2021-12-09,https://finance.yahoo.com/news/hedge-funds-piling-invitation-homes-041647916.html,-0.48600423621336114,-0.9772262573242188,0.49733030868829525,1,0.49733030868829525,,,,,,,,,,,,,,,,,0.49733030868829525,,,,,,,,,,,,,,,,
2021-12-09,https://www.thestar.com/life/food_wine/2021/12/09/how-caribbean-black-cake-brings-families-together-during-the-holidays.html,0.36990192260258264,0.9999636809031168,0.36991524392901626,3,0.32113695707335344,0.542832053865205,0.24577672084849017,,,,,,,,,,,,,,,0.32113695707335344,0.542832053865205,0.24577672084849017,,,,,,,,,,,,,,
2021-12-09,https://www.disneyfoodblog.com/2021/12/09/news-cruise-business-on-the-rise-at-popular-florida-port/,-0.014688511696847761,0.0001659393310546875,0.5020647529392783,2,0.48729009329772816,0.5168394125808285,,,,,,,,,,,,,,,,0.48729009329772816,0.5168394125808285,,,,,,,,,,,,,,,
2021-12-09,http://www.zacks.com/stock/news/1837598/etfs-to-play-the-reopening-trade-as-omicron-fear-subsides?cid=CS-ENTREPRENEUR-FT-etf_news_and_commentary-1837598,1.0970994540481431,0.9999767541885376,1.0971249576080584,1,1.0971249576080584,,,,,,,,,,,,,,,,,1.0971249576080584,,,,,,,,,,,,,,,,
2021-12-09,https://www.loudersound.com/features/joe-bonamassa-interview-dating-cycling-and-dealing-with-trolls,0.2457931020056371,0.9707106947898865,0.25315447640685906,2,0.2513316727798154,0.25497728003390274,,,,,,,,,,,,,,,,0.2513316727798154,0.25497728003390274,,,,,,,,,,,,,,,
2021-12-09,https://nationalinterest.org/blog/reboot/forgotten-time-america-almost-invaded-canada-197652,0.027467914485673855,-0.3330427408218384,0.3553553032745656,3,0.23936185526512982,0.5741604002539535,0.25254365430461356,,,,,,,,,,,,,,,0.23936185526512982,0.5741604002539535,0.25254365430461356,,,,,,,,,,,,,,
2021-12-09,https://news.yahoo.com/rip-retail-lbo-model-143132448.html,0.25190526372518185,0.5077092051506042,0.49616052096289637,1,0.49616052096289637,,,,,,,,,,,,,,,,,0.49616052096289637,,,,,,,,,,,,,,,,
2021-12-09,https://www.dailymail.co.uk/news/article-10292433/Prince-Andrew-goes-horse-ride-Windsor-Maxwell-Epstein-Balmoral-photo.html,0.05914308439548535,0.2438458800315857,0.24649546077470844,3,0.2453432634524948,0.24605872385699204,0.24808439501463847,,,,,,,,,,,,,,,0.2453432634524948,0.24605872385699204,0.24808439501463847,,,,,,,,,,,,,,
2021-12-09,https://www.forbes.com/sites/greatspeculations/2021/12/09/carnival-stock-remains-down-60-from-pre-covid-highs-is-there-an-opportunity/,0.5075301272559082,0.9994563460350037,0.5078061981089599,1,0.5078061981089599,,,,,,,,,,,,,,,,,0.5078061981089599,,,,,,,,,,,,,,,,
2021-12-09,https://www.benzinga.com/news/earnings/21/12/24527746/gamestop-boeing-and-uber-trading-lower-in-premarket-trading,0.4555759177289267,0.9505987167358398,0.47925155978884604,1,0.47925155978884604,,,,,,,,,,,,,,,,,0.47925155978884604,,,,,,,,,,,,,,,,
