pub_date,url,scores,sentiments,relevance,rel_subdocs,sub_1_rel,sub_2_rel,sub_3_rel,sub_4_rel,sub_5_rel,sub_6_rel,sub_1_sents,sub_2_sents,sub_3_sents,sub_4_sents,sub_5_sents,sub_6_sents
2021-05-27,http://www.marketwatch.com/news/story.asp?guid=%7B20C05575-04D4-B545-7456-A7F7FE6C4DA6%7D&siteid=rss&rss=1,-0.012166325731888139,-0.00041294097900390625,0.741067336262148,2,0.7530681232087465,0.7290665493155495,,,,,0.7530681232087465,0.7290665493155495,,,,
2021-05-28,https://qz.com/2014413/engine-no-1-the-little-hedge-fund-that-shook-exxonmobil/,-0.3614796920763536,-0.3981022983789444,0.8685203789042792,4,0.8009624912068783,1.050253950029572,0.8518741962006424,0.7709908781800243,,,0.8009624912068783,1.050253950029572,0.8518741962006424,0.7709908781800243,,
2021-05-29,https://www.fool.com/investing/2021/05/29/better-dividend-stock-enbridge-vs-exxon/,-0.6027696991960856,-0.7703121900558472,0.7825005328714649,1,0.7825005328714649,,,,,,0.7825005328714649,,,,,
2021-05-30,https://www.fool.com/investing/2021/05/30/disruptor-alert-these-3-companies-are-changing-the/,-0.7423302402835457,-0.9894565939903259,0.7502403286735826,1,0.7502403286735826,,,,,,0.7502403286735826,,,,,
2021-06-01,https://www.fool.com/investing/2021/06/01/this-is-the-hottest-sector-in-the-stock-market-rig/?source=iedfolrf0000001,0.7613201769459825,0.9885448813438416,0.7701422477763815,1,0.7701422477763815,,,,,,0.7701422477763815,,,,,
2021-06-02,https://www.fool.com/investing/2021/06/02/worried-about-inflation-consider-this-dividend-sto/,-1.6850038739697784,-0.967934250831604,1.740824722879784,1,1.740824722879784,,,,,,1.740824722879784,,,,,
2021-06-03,http://www.marketwatch.com/news/story.asp?guid=%7B20C05575-04D4-B545-7477-FD0CD33FAF46%7D&siteid=rss&rss=1,-1.8831611681265776,-0.9771566987037659,1.927184422544163,1,1.927184422544163,,,,,,1.927184422544163,,,,,
2021-06-04,https://www.fool.com/investing/2021/06/04/is-royal-dutch-shell-stock-a-buy/,-0.735025498770603,-0.9585016369819641,0.7668484543072656,1,0.7668484543072656,,,,,,0.7668484543072656,,,,,
2021-06-07,https://www.zacks.com/stock/news/1669342/5-top-stocks-from-the-best-performing-sector-of-the-market,0.6940723149724551,0.9446372985839844,0.7347500633448125,1,0.7347500633448125,,,,,,0.7347500633448125,,,,,
2021-06-09,https://www.investing.com/analysis/selling-cashsecured-put-options-on-twitter-200584969,-0.5637292800476211,-0.9955841898918152,0.5662296426270877,1,0.5662296426270877,,,,,,0.5662296426270877,,,,,
2021-06-09,https://www.zacks.com/stock/news/1680259/exxonmobil-xom-resumes-jabillo-1-drilling-offshore-guyana,-0.8521555724033887,-0.979697197675705,0.8699017232575392,2,0.8630123713434076,0.8767910751716709,,,,,0.8630123713434076,0.8767910751716709,,,,
2021-06-10,https://www.fool.com/investing/2021/06/10/exxon-to-invest-240-million-to-modernize-112-year/,-0.6092144645899399,-0.9995495676994324,0.6094889981215345,1,0.6094889981215345,,,,,,0.6094889981215345,,,,,
2021-06-10,https://www.zacks.com/stock/news/1685321/exxonmobil-xom-finds-more-oil-in-stabroek-offshore-guyana,0.1932010676847108,0.09888151288032532,0.8617363844876158,2,0.7387266738827266,0.984746095092505,,,,,0.7387266738827266,0.984746095092505,,,,
2021-06-11,https://www.zacks.com/stock/news/1691002/exxon-xom-sees-us-shale-oil-production-decline-per-well,1.6613261559142734,0.8672645688056946,1.9155932522437493,1,1.9155932522437493,,,,,,1.9155932522437493,,,,,
2021-06-14,https://www.marketwatch.com/story/shell-mulling-sale-of-holdings-in-largest-u-s-oil-field-reports-11623640137,-0.8977204718318219,-0.9853425025939941,0.9110745446060633,1,0.9110745446060633,,,,,,0.9110745446060633,,,,,
2021-06-14,https://www.fool.com/investing/2021/06/14/amc-entertainments-moves-make-sense/,-0.7686306353090511,-0.9486744602521261,0.8042958477162552,3,0.9792456680725721,0.7421026090149488,0.6915392660612445,,,,0.9792456680725721,0.7421026090149488,0.6915392660612445,,,
2021-06-14,https://www.fool.com/investing/2021/06/14/shell-looks-to-unload-permian-basin-assets/,-0.7253201717411635,-0.9979389309883118,0.7268181941983569,1,0.7268181941983569,,,,,,0.7268181941983569,,,,,
2021-06-15,https://www.fool.com/investing/2021/06/15/why-renewable-energy-stocks-dropped-on-tuesday/,-0.9109021764190143,-0.99725741147995,0.913407276730305,1,0.913407276730305,,,,,,0.913407276730305,,,,,
2021-06-15,https://www.zacks.com/stock/news/1713677/markets-sag-again-ahead-of-fed-presser-wednesday,-0.7138573933585904,-0.9988476037979126,0.7146809890160366,1,0.7146809890160366,,,,,,0.7146809890160366,,,,,
2021-06-16,https://www.fool.com/investing/2021/06/16/when-will-amazon-dethrone-walmart-as-revenue-king/,1.6163058010997209,0.9962402582168579,1.6224056273259833,1,1.6224056273259833,,,,,,1.6224056273259833,,,,,
2021-06-18,https://www.zacks.com/stock/news/1727119/oil-gas-stock-roundup-headlined-by-enbridge-magellan-occidentals-divestments,-0.07883159823181218,-0.10921216011047363,1.7871496973362286,2,1.642056007643288,1.9322433870291693,,,,,1.642056007643288,1.9322433870291693,,,,
2021-06-18,https://www.zacks.com/stock/news/1727168/exxonmobil-basrah-oil-ink-deal-to-drill-wells-in-west-qurna-1,-0.8272990784080279,-0.986711323261261,0.8384408477989829,1,0.8384408477989829,,,,,,0.8384408477989829,,,,,
2021-06-22,https://www.zacks.com/stock/news/1747143/the-zacks-rank-explained-how-to-find-strong-buy-oils-and-energy-stocks,0.7010729915842514,0.9607559442520142,0.729709762170729,1,0.729709762170729,,,,,,0.729709762170729,,,,,
2021-06-23,https://www.investing.com/analysis/bullish-on-amc-consider-a-cashsecured-put-option-200587679,-0.7258778630182412,-0.9904271364212036,0.7328937549521499,1,0.7328937549521499,,,,,,0.7328937549521499,,,,,
2021-06-23,https://www.zacks.com/commentary/1753264/q2-earnings-season-gets-underway,-2.354054777106788,-0.9993176460266113,2.355662172550189,1,2.355662172550189,,,,,,2.355662172550189,,,,,
2021-06-24,https://www.zacks.com/stock/news/1753894/imperial-imo-gets-tsx-nod-to-buy-back-5-outstanding-shares,1.7986644615261802,0.977135181427002,1.8233273411919488,2,0.5744760204402135,3.072178661943684,,,,,0.5744760204402135,3.072178661943684,,,,
2021-06-24,https://www.zacks.com/stock/news/1753480/eia-oil-supply-data-reveals-a-bullish-raft-of-indicators,1.842310681429726,0.9803741574287415,1.879191395927462,1,1.879191395927462,,,,,,1.879191395927462,,,,,
2021-06-25,https://www.zacks.com/stock/news/1754179/why-you-shouldnt-bet-against-exxonmobil-xom-stock,0.6478992649078448,0.9876084923744202,0.6565027556389822,2,0.5832665058325917,0.7297390054453727,,,,,0.5832665058325917,0.7297390054453727,,,,
2021-06-25,https://www.fool.com/investing/2021/06/25/better-buy-chevron-vs-exxon/,-2.0035570714946718,-0.997082531452179,2.0094194896551194,1,2.0094194896551194,,,,,,2.0094194896551194,,,,,
2021-06-26,https://www.fool.com/investing/2021/06/26/these-oil-stocks-have-massive-upside-if-oil-prices/,2.559790781339923,0.9339487850666046,2.7083448696667043,2,3.2017973968825384,2.2148923424508697,,,,,3.2017973968825384,2.2148923424508697,,,,
2021-06-26,https://www.marketwatch.com/story/heres-how-the-rise-of-the-retail-investor-is-powering-some-etf-moves-11624549146,-0.7519856188654869,-0.9903411865234375,0.7593197466676201,1,0.7593197466676201,,,,,,0.7593197466676201,,,,,
2021-06-28,https://www.zacks.com/stock/news/1755207/shell-rdsa-to-acquire-bps-275-stake-in-the-shearwater-hub,2.1393957998760578,0.9965376853942871,2.146828796574402,1,2.146828796574402,,,,,,2.146828796574402,,,,,
2021-06-29,https://www.zacks.com/stock/news/1755785/chevron-cvx-wont-trim-its-oil-gas-business-for-renewables,-0.9147025333957977,-0.9903311729431152,0.9236329809526639,1,0.9236329809526639,,,,,,0.9236329809526639,,,,,
2021-06-30,https://www.fool.com/investing/2021/06/29/exxon-has-rallied-but-im-still-glad-i-switched-to/,-0.7519371800661027,-0.9807682633399963,0.7666818025956389,1,0.7666818025956389,,,,,,0.7666818025956389,,,,,
2021-06-30,https://www.investing.com/analysis/3-leading-shale-oil-drillers-to-bet-on-as-wti-crude-nears-75-200588986,1.8617358118604435,0.992259681224823,1.8762586519310738,1,1.8762586519310738,,,,,,1.8762586519310738,,,,,
2021-06-30,https://www.zacks.com/commentary/1756306/q2-earnings-growth-reflects-more-than-easy-comps,-2.224137892500004,-0.9991532564163208,2.226022762991691,1,2.226022762991691,,,,,,2.226022762991691,,,,,
2021-07-01,https://www.zacks.com/stock/news/1756506/zacks-earnings-trends-highlights-marriott-general-motors-exxonmobil-and-united-airlines,-2.1827336971924676,-0.9983159303665161,2.1864157736029624,1,2.1864157736029624,,,,,,2.1864157736029624,,,,,
2021-07-01,https://www.zacks.com/stock/news/1756487/exxonmobil-xom-divests-santoprene-to-celanese-for-115b,-0.8040967390059388,-0.9936627149581909,0.8092250286756224,1,0.8092250286756224,,,,,,0.8092250286756224,,,,,
2021-07-02,https://www.zacks.com/stock/news/1757087/exxonmobil-xom-expects-higher-oil-price-to-boost-q2-earnings,0.06702600569221984,0.10368898510932922,1.9666315849183589,2,1.8115673636722858,2.121695806164432,,,,,1.8115673636722858,2.121695806164432,,,,
2021-07-07,https://www.investing.com/analysis/bullish-on-suncor-energy-a-cashsecured-put-option-could-make-shares-cheaper-200590107,2.254944287841912,0.6234227418899536,3.6170388667661957,1,3.6170388667661957,,,,,,3.6170388667661957,,,,,
2021-07-07,https://www.fool.com/investing/2021/07/07/why-you-should-watch-the-worlds-most-hated-oil-com/,-0.5585211398179506,-0.9787882566452026,0.5706250928390602,1,0.5706250928390602,,,,,,0.5706250928390602,,,,,
2021-07-07,https://www.fool.com/investing/2021/07/07/3-cheap-energy-stocks-to-buy-right-now/,-0.2750671190259391,-0.3358863790829976,0.7760559377197599,3,0.9688594710903802,0.6052409529507035,0.7540673891181958,,,,0.9688594710903802,0.6052409529507035,0.7540673891181958,,,
2021-07-08,https://www.zacks.com/stock/news/1758976/oil-gas-stock-roundup-exxons-q2-update-conocos-upbeat-10-year-plan-more,-0.5308250842728914,-0.06913590431213379,1.347735680281762,2,0.862061515590017,1.8334098449735068,,,,,0.862061515590017,1.8334098449735068,,,,
2021-07-08,https://www.zacks.com/stock/news/1758968/shell-rdsa-aims-to-boost-returns-on-stronger-outlook,-1.2800237673138943,-0.9968008995056152,1.2841318340992163,1,1.2841318340992163,,,,,,1.2841318340992163,,,,,
2021-07-13,https://www.benzinga.com/trading-ideas/long-ideas/21/07/21948381/jim-cramer-says-buy-exxon-on-dip,-0.9196221158057336,-0.9932564496994019,0.9258657379814117,1,0.9258657379814117,,,,,,0.9258657379814117,,,,,
2021-07-13,https://www.marketwatch.com/story/companies-boast-about-big-climate-pledges-but-less-than-50-of-the-s-p-100-lobbies-washington-accordingly-11626198518,0.5369192594064531,0.6751531362533569,0.7952555214154698,1,0.7952555214154698,,,,,,0.7952555214154698,,,,,
2021-07-14,https://www.zacks.com/stock/news/1761270/big-oils-q2-to-gain-big-time-from-commodity-price-rally,-2.089091270589904,-0.8534232974052429,2.277480339667269,2,0.7573412132403279,3.797619466094211,,,,,0.7573412132403279,3.797619466094211,,,,
2021-07-14,https://www.zacks.com/stock/news/1761424/plains-all-american-paa-and-oryx-form-permian-basin-jv,0.3831703778693256,0.6752156019210815,0.5674785605947982,1,0.5674785605947982,,,,,,0.5674785605947982,,,,,
2021-07-14,https://www.investing.com/analysis/3-sectors-set-to-report-explosive-growth-as-q2-earnings-season-ramps-up-200591374,1.0340069665287113,0.5367444753646851,1.9264417501943858,1,1.9264417501943858,,,,,,1.9264417501943858,,,,,
2021-07-14,https://www.fool.com/investing/2021/07/14/5-reasons-to-invest-in-renewable-energy-stocks/,0.6499330550280549,0.5831239819526672,1.1145709577089742,1,1.1145709577089742,,,,,,1.1145709577089742,,,,,
2021-07-14,https://www.zacks.com/commentary/1761684/strong-start-to-q2-earnings-season,-1.9637382129517518,-0.9981902241706848,1.9672985823751803,1,1.9672985823751803,,,,,,1.9672985823751803,,,,,
2021-07-16,https://www.zacks.com/stock/news/1762729/3-growth-stocks-with-attractive-dividends-to-ride-out-inflation,0.7538589422389527,0.9964536428451538,0.7565419100546159,1,0.7565419100546159,,,,,,0.7565419100546159,,,,,
2021-07-16,https://www.zacks.com/stock/news/1762771/exxon-xom-to-hire-temporary-workers-at-beaumont-refinery,0.6936299527917694,0.90760338306427,0.7642434633175574,1,0.7642434633175574,,,,,,0.7642434633175574,,,,,
2021-07-19,https://www.zacks.com/stock/news/1763416/exact-sciences-vericel-corp-home-depot-exxonmobil-and-discover-financial-services-highlighted-as-zacks-bull-and-bear-of-the-day,-0.27247614590140556,0.0058845579624176025,1.032865720031839,2,1.3135431465355722,0.7521882935281056,,,,,1.3135431465355722,0.7521882935281056,,,,
2021-07-19,https://www.fool.com/investing/2021/07/19/why-energy-stocks-like-exxonmobil-phillips-66-and/,-1.2993665379012493,-0.9988788366317749,1.301240576897055,2,0.7642458372193799,1.8382353165747303,,,,,0.7642458372193799,1.8382353165747303,,,,
2021-07-19,https://www.zacks.com/research-daily/1763698/top-stock-reports-for-exxon-mobil-eli-lilly-costco,1.112613991236353,0.99472975730896,1.118508804085951,1,1.118508804085951,,,,,,1.118508804085951,,,,,
2021-07-21,https://www.zacks.com/commentary/1765553/all-around-earnings-strength,-2.2236853165991772,-0.9989499449729919,2.226022762991691,1,2.226022762991691,,,,,,2.226022762991691,,,,,
2021-07-22,https://www.zacks.com/stock/news/1765991/exxon-xom-signs-mou-to-join-acorn-ccs-project-in-scotland,0.6409118938463775,0.8590690493583679,0.7460539921966338,1,0.7460539921966338,,,,,,0.7460539921966338,,,,,
2021-07-22,https://www.zacks.com/stock/news/1765635/zacks-earnings-trends-highlights-marriott-international-general-motors-exxonmobil-and-united-airlines,-2.7291932769392946,-0.9787131547927856,2.788552768065249,1,2.788552768065249,,,,,,2.788552768065249,,,,,
2021-07-24,https://www.fool.com/investing/2021/07/24/better-dividend-stock-exxonmobil-vs-clearway-energ/,0.5170895206380548,0.5986912727355957,0.7681156782430603,5,0.8963905492669415,0.9024721752991851,0.592013696265815,0.7504046701965638,0.6992973001867959,,0.8963905492669415,0.9024721752991851,0.592013696265815,0.7504046701965638,0.6992973001867959,
2021-07-27,https://www.zacks.com/stock/news/1768159/is-a-beat-in-store-for-exxonmobil-xom-this-earnings-season,0.415533581459041,-0.05235835909843445,1.3940593574779818,2,0.8705648569685333,1.9175538579874303,,,,,0.8705648569685333,1.9175538579874303,,,,
2021-07-29,https://www.zacks.com/stock/news/1770321/shell-rdsa-beats-q2-earnings-estimates-starts-buyback,-0.5492279218421553,-0.994523286819458,0.552252450114685,1,0.552252450114685,,,,,,0.552252450114685,,,,,
2021-07-29,https://www.zacks.com/stock/news/1770388/will-upstream-business-aid-exxonmobils-xom-q2-earnings,-0.6600921485838867,-0.7827091813087463,0.8433427949320396,1,0.8433427949320396,,,,,,0.8433427949320396,,,,,
2021-07-29,https://www.fool.com/investing/2021/07/29/are-oil-stocks-undervalued/,2.559790781339923,0.9339487850666046,2.7083448696667043,2,3.2017973968825384,2.2148923424508697,,,,,3.2017973968825384,2.2148923424508697,,,,
2021-07-30,https://www.zacks.com/stock/news/1771842/exxonmobil-xom-q2-earnings-beat-on-huge-demand-recovery,-1.818695731765874,-0.9891797304153442,1.8385897687190036,1,1.8385897687190036,,,,,,1.8385897687190036,,,,,
2021-07-30,https://qz.com/2040710/plastics-were-the-star-of-exxons-earnings-call/,-0.5766547469988397,-0.9931963682174683,0.5806049694218943,1,0.5806049694218943,,,,,,0.5806049694218943,,,,,
2021-07-31,https://www.fool.com/earnings/call-transcripts/2021/07/31/exxonmobil-xom-q2-2021-earnings-call-transcript/,0.9607914127971148,0.9758056501547495,0.9783102089829675,6,0.7324255678022729,1.4746504043811977,0.6776564447556932,0.6844653191333362,1.7350053708228343,0.565658147002471,0.7324255678022729,1.4746504043811977,0.6776564447556932,0.6844653191333362,1.7350053708228343,0.565658147002471
2021-07-31,https://www.fool.com/investing/2021/07/31/is-now-the-time-to-buy-oil-stocks/,2.559790781339923,0.9339487850666046,2.7083448696667043,2,3.2017973968825384,2.2148923424508697,,,,,3.2017973968825384,2.2148923424508697,,,,
2021-08-02,https://www.fool.com/investing/2021/08/02/why-oil-and-gas-stocks-are-crushing-the/,1.8186499542251515,0.9954089522361755,1.8270379728247108,1,1.8270379728247108,,,,,,1.8270379728247108,,,,,
2021-08-02,https://www.benzinga.com/analyst-ratings/analyst-color/21/08/22279808/exxon-chevron-report-q2-earnings-bofas-takeaways,0.916144516278775,0.9477818012237549,0.9666196534855064,1,0.9666196534855064,,,,,,0.9666196534855064,,,,,
2021-08-06,https://qz.com/2043753/exxons-net-zero-climate-goal-misses-the-point/,-0.5819027217691757,-0.9886647462844849,0.5885743614870791,1,0.5885743614870791,,,,,,0.5885743614870791,,,,,
2021-08-07,https://www.fool.com/investing/2021/08/07/3-risky-dividend-stocks-i-feel-safe-owning/,-0.7853963672740801,-0.966106653213501,0.8110603222911439,2,0.8731803029235826,0.748940341658705,,,,,0.8731803029235826,0.748940341658705,,,,
2021-08-11,https://www.zacks.com/research-daily/1780449/top-analyst-reports-for-alibaba-abbvie-exxon-mobil,-2.065254263482321,-0.9837524890899658,2.099363698070857,1,2.099363698070857,,,,,,2.099363698070857,,,,,
2021-08-12,https://www.zacks.com/stock/news/1780850/heres-what-the-eias-latest-crude-inventory-report-revealed,0.45142681950740066,0.6115461587905884,0.7381729294157543,1,0.7381729294157543,,,,,,0.7381729294157543,,,,,
2021-08-19,https://www.zacks.com/stock/news/1784084/exxonmobil-xom-may-have-to-pay-higher-oil-royalty-to-guyana,-0.8658157216869943,-0.993949294090271,0.8710864093720665,1,0.8710864093720665,,,,,,0.8710864093720665,,,,,
2021-08-20,https://www.fool.com/investing/2021/08/20/microsoft-beat-apple-most-valuable-nasdaq-stock/,-0.6870849877525783,-0.9619221091270447,0.7142833928374053,1,0.7142833928374053,,,,,,0.7142833928374053,,,,,
2021-08-24,https://www.zacks.com/stock/news/1786021/exxonmobil-xom-to-resume-pnyang-talks-with-papua-new-guinea,-1.221596440099741,-0.995475560426712,1.2280193844987775,2,1.7038408149094026,0.7521979540881522,,,,,1.7038408149094026,0.7521979540881522,,,,
2021-08-26,https://www.zacks.com/stock/news/1786923/oil-up-for-the-third-day-what-influenced-the-price-action,1.6523227670629415,0.9795483350753784,1.686821066298675,1,1.686821066298675,,,,,,1.686821066298675,,,,,
2021-08-26,https://www.fool.com/investing/2021/08/26/my-top-oil-stock-to-buy-right-now/,0.574304723553464,0.9947293400764465,0.577347727080542,1,0.577347727080542,,,,,,0.577347727080542,,,,,
2021-08-26,https://www.fool.com/investing/2021/08/26/where-will-exxonmobil-be-in-10-years/,-0.9814706978671572,-0.937001645565033,1.0338980578773551,4,0.765587042041729,0.8501303770737632,0.7549918836409648,1.7648829287529635,,,0.765587042041729,0.8501303770737632,0.7549918836409648,1.7648829287529635,,
2021-08-27,https://www.zacks.com/stock/news/1787658/energy-firms-pledge-to-go-carbon-free-eye-net-zero-by-2050,-0.7504467110357637,-0.8543417453765869,0.8783917151385044,1,0.8783917151385044,,,,,,0.8783917151385044,,,,,
2021-08-31,https://www.fool.com/investing/2021/08/31/if-youre-retired-consider-buying-these-2-stocks/,0.8255524218362041,0.9920308589935303,0.8321842151904149,1,0.8321842151904149,,,,,,0.8321842151904149,,,,,
2021-09-01,https://www.dailypolitical.com/2021/09/01/integrated-advisors-network-llc-increases-position-in-exxon-mobil-co-nysexom.html,-2.112446185480366,-0.9683160483837128,2.184368298654819,4,2.7455412422764494,2.213420369274638,3.1586842285706025,0.6198273544975876,,,2.7455412422764494,2.213420369274638,3.1586842285706025,0.6198273544975876,,
2021-09-01,https://www.tickerreport.com/banking-finance/7834635/probity-advisors-inc-sells-1687-shares-of-exxon-mobil-co-nysexom.html,-2.1119092422876524,-0.9683921188116074,2.1836212145023888,4,2.7425529056667273,2.213420369274638,3.1586842285706025,0.6198273544975876,,,2.7425529056667273,2.213420369274638,3.1586842285706025,0.6198273544975876,,
2021-09-01,https://www.zacks.com/stock/news/1789737/exxonmobil-xom-commences-sapote-1-well-drilling-in-guyana,-0.2581502778626562,-0.18174242973327637,0.7379540821121047,2,0.5846063459524743,0.8913018182717352,,,,,0.5846063459524743,0.8913018182717352,,,,
2021-09-03,https://www.zacks.com/stock/news/1790898/exxonmobil-xom-taps-oil-from-spr-for-baton-rouge-refinery,-3.309232926217888,-0.9948453903198242,3.3263791121895143,1,3.3263791121895143,,,,,,3.3263791121895143,,,,,
2021-09-04,https://www.tickerreport.com/banking-finance/7846971/deseret-mutual-benefit-administrators-makes-new-investment-in-exxon-mobil-co-nysexom.html,-2.112570802678833,-0.9683614373207092,2.184368298654819,4,2.7455412422764494,2.213420369274638,3.1586842285706025,0.6198273544975876,,,2.7455412422764494,2.213420369274638,3.1586842285706025,0.6198273544975876,,
2021-09-05,https://www.com-unik.info/2021/09/05/exxon-mobil-co-nysexom-shares-sold-by-wesbanco-bank-inc.html,-2.109192175258334,-0.9684836566448212,2.1806490704098342,4,2.7306643292965087,2.213420369274638,3.1586842285706025,0.6198273544975876,,,2.7306643292965087,2.213420369274638,3.1586842285706025,0.6198273544975876,,
2021-09-06,https://www.tickerreport.com/banking-finance/7853303/spinnaker-trust-sells-23314-shares-of-exxon-mobil-co-nysexom.html,-2.112446185480366,-0.9683160483837128,2.184368298654819,4,2.7455412422764494,2.213420369274638,3.1586842285706025,0.6198273544975876,,,2.7455412422764494,2.213420369274638,3.1586842285706025,0.6198273544975876,,
2021-09-06,https://www.com-unik.info/2021/09/06/exxon-mobil-co-nysexom-shares-sold-by-telemus-capital-llc.html,-2.1119092422876524,-0.9683921188116074,2.1836212145023888,4,2.7425529056667273,2.213420369274638,3.1586842285706025,0.6198273544975876,,,2.7425529056667273,2.213420369274638,3.1586842285706025,0.6198273544975876,,
2021-09-06,https://www.tickerreport.com/banking-finance/7852929/telemus-capital-llc-decreases-stake-in-exxon-mobil-co-nysexom.html,-2.112570802678833,-0.9683614373207092,2.184368298654819,4,2.7455412422764494,2.213420369274638,3.1586842285706025,0.6198273544975876,,,2.7455412422764494,2.213420369274638,3.1586842285706025,0.6198273544975876,,
2021-09-07,https://www.zacks.com/commentary/1792749/why-investors-should-focus-on-these-4-oil-gas-drilling-stocks,-1.216964183675008,-0.9981361627578735,1.219236642335959,1,1.219236642335959,,,,,,1.219236642335959,,,,,
2021-09-08,https://www.benzinga.com/pressreleases/21/09/n22846479/global-algae-based-animal-feed-and-ingredients-market-size-is-projected-to-reach-1-13-billion-by-2,0.7440002785314991,0.9965497255325317,0.7465761712331249,1,0.7465761712331249,,,,,,0.7465761712331249,,,,,
2021-09-10,https://www.tickerreport.com/banking-finance/7866446/gratus-capital-llc-has-5-22-million-stock-position-in-exxon-mobil-co-nysexom.html,-2.1087640820000324,-0.9684620797634125,2.1802793632044617,4,2.7291855004750185,2.213420369274638,3.1586842285706025,0.6198273544975876,,,2.7291855004750185,2.213420369274638,3.1586842285706025,0.6198273544975876,,
2021-09-10,https://www.zacks.com/stock/news/1794767/exxonmobil-xom-finds-hydrocarbons-at-pinktail-offshore-guyana,0.7631934706021822,0.8673368692398071,0.8799273934602789,1,0.8799273934602789,,,,,,0.8799273934602789,,,,,
2021-09-11,http://marketbeat.com/instant-alerts/nyse-xom-consensus-analyst-rating-2021-09-2-3/,-2.1126529125663325,-0.9683913439512253,2.184368298654819,4,2.7455412422764494,2.213420369274638,3.1586842285706025,0.6198273544975876,,,2.7455412422764494,2.213420369274638,3.1586842285706025,0.6198273544975876,,
2021-09-12,https://www.com-unik.info/2021/09/12/exxon-mobil-co-nysexom-shares-acquired-by-meridian-wealth-advisors-llc.html,-2.109999000247236,-0.968508243560791,2.181389688095659,4,2.733626800039808,2.213420369274638,3.1586842285706025,0.6198273544975876,,,2.733626800039808,2.213420369274638,3.1586842285706025,0.6198273544975876,,
2021-09-13,https://www.zacks.com/stock/news/1795369/how-exxonmobil-xom-stock-stands-out-in-a-strong-industry,0.6802307184240667,0.9899590611457825,0.687130150247592,1,0.687130150247592,,,,,,0.687130150247592,,,,,
2021-09-13,https://www.tickerreport.com/banking-finance/7875837/exxon-mobil-co-nysexom-stake-boosted-by-asahi-life-asset-management-co-ltd.html,-2.1105997819587743,-0.9683213382959366,2.1825036326187135,4,2.7380825781320257,2.213420369274638,3.1586842285706025,0.6198273544975876,,,2.7380825781320257,2.213420369274638,3.1586842285706025,0.6198273544975876,,
2021-09-13,https://www.zacks.com/research-daily/1795715/top-research-reports-for-eli-lilly-exxon-mobil-lowes,0.7983777566339593,0.9956545829772949,0.8018621822103997,1,0.8018621822103997,,,,,,0.8018621822103997,,,,,
2021-09-14,https://www.wkrb13.com/2021/09/14/exxon-mobil-co-nysexom-stock-holdings-lessened-by-mercer-global-advisors-inc-adv.html,-2.108829435529177,-0.968486025929451,2.1802793632044617,4,2.7291855004750185,2.213420369274638,3.1586842285706025,0.6198273544975876,,,2.7291855004750185,2.213420369274638,3.1586842285706025,0.6198273544975876,,
2021-09-14,https://www.zacks.com/stock/news/1795937/exxonmobil-chevron-highlight-the-oil-gas-stock-roundup,0.7860925399142724,0.824711948633194,0.9385870593743849,2,0.8671305649609147,1.0100435537878552,,,,,0.8671305649609147,1.0100435537878552,,,,
2021-09-14,https://www.zacks.com/stock/news/1796077/3-reasons-why-chevron-is-a-better-big-oil-stock-than-exxonmobil,0.8951200464174085,0.9102016687393188,0.9830601408257444,2,0.9744697159179785,0.9916505657335105,,,,,0.9744697159179785,0.9916505657335105,,,,
2021-09-16,https://www.fool.com/investing/2021/09/16/three-must-have-etfs-to-anchor-your-retirement-por/,0.6710864394561369,0.9531769156455994,0.7040523416385941,1,0.7040523416385941,,,,,,0.7040523416385941,,,,,
2021-09-16,https://www.com-unik.info/2021/09/16/exxon-mobil-co-nysexom-stake-lowered-by-beirne-wealth-consulting-services-llc.html,-2.108847858148158,-0.9684927761554718,2.1802793632044617,4,2.7291855004750185,2.213420369274638,3.1586842285706025,0.6198273544975876,,,2.7291855004750185,2.213420369274638,3.1586842285706025,0.6198273544975876,,
2021-09-17,https://www.zacks.com/stock/news/1797645/key-highlights-from-chevrons-cvx-esg-investor-day,-0.8235345851192972,-0.899172306060791,0.9158807267175997,1,0.9158807267175997,,,,,,0.9158807267175997,,,,,
2021-09-17,https://www.com-unik.info/2021/09/17/justinvest-llc-grows-stake-in-exxon-mobil-co-nysexom.html,-2.1121787739373645,-0.9683545231819153,2.1839945531802236,4,2.7440462603780666,2.213420369274638,3.1586842285706025,0.6198273544975876,,,2.7440462603780666,2.213420369274638,3.1586842285706025,0.6198273544975876,,
2021-09-17,https://www.tickerreport.com/banking-finance/7890821/exxon-mobil-co-nysexom-shares-sold-by-rwq-financial-management-services-inc.html,-2.112297435195699,-0.9683977663516998,2.1839945531802236,4,2.7440462603780666,2.213420369274638,3.1586842285706025,0.6198273544975876,,,2.7440462603780666,2.213420369274638,3.1586842285706025,0.6198273544975876,,
2021-09-17,https://www.fool.com/investing/2021/09/17/dow-jones-stock-could-double-your-money-crm/,-0.5740365964784406,-0.9959383010864258,0.5763776690305504,1,0.5763776690305504,,,,,,0.5763776690305504,,,,,
2021-09-20,https://www.tickerreport.com/banking-finance/7899676/838173-shares-in-exxon-mobil-co-nysexom-bought-by-lord-abbett-co-llc.html,-2.1121787739373645,-0.9683545231819153,2.1839945531802236,4,2.7440462603780666,2.213420369274638,3.1586842285706025,0.6198273544975876,,,2.7440462603780666,2.213420369274638,3.1586842285706025,0.6198273544975876,,
2021-09-21,https://www.zacks.com/stock/news/1799129/exxonmobils-xom-petrochemical-jv-eyeing-initial-startup,-0.1520648905000673,-0.10548639297485352,0.6642689677306819,2,0.571604445452495,0.7569334900088687,,,,,0.571604445452495,0.7569334900088687,,,,
2021-09-22,https://www.com-unik.info/2021/09/22/global-wealth-management-investment-advisory-inc-buys-484-shares-of-exxon-mobil-co-nysexom.html,-2.1068717923456193,-0.96844282746315,2.1784368175573823,4,2.7218153178867017,2.213420369274638,3.1586842285706025,0.6198273544975876,,,2.7218153178867017,2.213420369274638,3.1586842285706025,0.6198273544975876,,
2021-09-24,https://www.fool.com/investing/2021/09/24/got-5000-here-are-5-energy-stocks-to-buy-and-hold/,1.4970798779505414,0.9921508133411407,1.5121522556262605,2,2.136927568924685,0.8873769423278358,,,,,2.136927568924685,0.8873769423278358,,,,
2021-09-25,https://www.fool.com/investing/2021/09/25/why-exxonmobils-shift-to-clean-energy-should-pique/,0.1301767021534214,-0.05832307040691376,1.2440386028586703,4,0.8947074225836485,2.188452937722782,0.9542844065435232,0.9387096445847282,,,0.8947074225836485,2.188452937722782,0.9542844065435232,0.9387096445847282,,
2021-09-27,https://www.tickerreport.com/banking-finance/7923968/intrepid-capital-management-inc-makes-new-investment-in-exxon-mobil-co-nysexom.html,-2.109192175258334,-0.9684836566448212,2.1806490704098342,4,2.7306643292965087,2.213420369274638,3.1586842285706025,0.6198273544975876,,,2.7306643292965087,2.213420369274638,3.1586842285706025,0.6198273544975876,,
2021-09-28,https://www.tickerreport.com/banking-finance/7926606/bank-of-nova-scotia-reduces-stock-position-in-exxon-mobil-co-nysexom.html,-2.110070498000615,-0.9683989435434341,2.1817605998822414,4,2.735110447186136,2.213420369274638,3.1586842285706025,0.6198273544975876,,,2.735110447186136,2.213420369274638,3.1586842285706025,0.6198273544975876,,
2021-09-29,https://www.fool.com/investing/2021/09/29/3-top-energy-dividend-stocks-to-buy-in-october/,-0.863792110527704,-0.9776751399040222,0.8835164926178873,1,0.8835164926178873,,,,,,0.8835164926178873,,,,,
2021-10-01,https://www.zacks.com/stock/news/1803789/phillips-66-psx-announces-ambitious-plan-of-reducing-ghg,-1.751874215247994,-0.9135812520980835,1.9175899365543352,1,1.9175899365543352,,,,,,1.9175899365543352,,,,,
2021-10-01,https://www.zacks.com/stock/news/1803787/exxonmobil-xom-expects-oil-gas-price-hike-to-aid-q3-earnings,-2.7816848807256385,-0.8930577039718628,3.1147873965524626,1,3.1147873965524626,,,,,,3.1147873965524626,,,,,
2021-10-02,https://www.fool.com/investing/2021/10/02/chevron-or-exxon-which-should-dividend-investors-o/,2.0008457772436676,0.9924548864364624,2.0160571574471895,1,2.0160571574471895,,,,,,2.0160571574471895,,,,,
2021-10-03,https://www.fool.com/investing/2021/10/03/5-dividend-stocks-pay-71-billion-a-year-combined/,-0.7608129279571765,-0.9468023180961609,0.8035604829179405,1,0.8035604829179405,,,,,,0.8035604829179405,,,,,
2021-10-04,https://www.tickerreport.com/banking-finance/7946491/jacobi-capital-management-llc-has-2-27-million-stock-holdings-in-exxon-mobil-co-nysexom.html,-2.112570802678833,-0.9683614373207092,2.184368298654819,4,2.7455412422764494,2.213420369274638,3.1586842285706025,0.6198273544975876,,,2.7455412422764494,2.213420369274638,3.1586842285706025,0.6198273544975876,,
2021-10-04,https://www.fool.com/investing/2021/10/04/why-centennial-resource-development-gran-tierra-en/,-0.7043938072520424,-0.9328559041023254,0.7550939048082361,1,0.7550939048082361,,,,,,0.7550939048082361,,,,,
2021-10-05,https://www.fool.com/investing/2021/10/05/energy-crisis-dont-expect-lower-prices-anytime-soo/,-0.7609073471005038,-0.9936673045158386,0.7657566507848959,1,0.7657566507848959,,,,,,0.7657566507848959,,,,,
2021-10-05,https://www.investing.com/analysis/do-surging-energy-prices-make-exxon-mobil-stock-a-longterm-buy-200603943,-0.3116198678278935,-0.507041335105896,0.6145847414250979,1,0.6145847414250979,,,,,,0.6145847414250979,,,,,
2021-10-07,https://www.zacks.com/stock/news/1807126/oil-gas-stock-roundup-weeks-action-highlighted-by-exxon-bp,-1.328856330316551,-0.8721503019332886,1.458619026382631,2,0.8603223258380628,2.0569157269271994,,,,,0.8603223258380628,2.0569157269271994,,,,
2021-10-07,https://www.tickerreport.com/banking-finance/7957858/financial-advisors-llc-sells-2705-shares-of-exxon-mobil-co-nysexom.html,-2.112570802678833,-0.9683614373207092,2.184368298654819,4,2.7455412422764494,2.213420369274638,3.1586842285706025,0.6198273544975876,,,2.7455412422764494,2.213420369274638,3.1586842285706025,0.6198273544975876,,
2021-10-07,https://www.dailypolitical.com/2021/10/07/financial-advisors-llc-sells-2705-shares-of-exxon-mobil-co-nysexom.html,-2.113063059193701,-0.968268632888794,2.1851170126567148,4,2.74853609828403,2.213420369274638,3.1586842285706025,0.6198273544975876,,,2.74853609828403,2.213420369274638,3.1586842285706025,0.6198273544975876,,
2021-10-07,https://www.fool.com/investing/2021/10/07/this-is-my-favorite-energy-stock-right-now/,1.7758918311829592,0.882775604724884,2.0117137601875776,1,2.0117137601875776,,,,,,2.0117137601875776,,,,,
2021-10-08,https://www.fool.com/investing/2021/10/08/3-stocks-that-have-paid-dividends-for-465-years/,0.3032699302309816,0.32735641797383624,0.7093220647660533,3,0.6009987868368357,0.7942926444711734,0.732674762990151,,,,0.6009987868368357,0.7942926444711734,0.732674762990151,,,
2021-10-08,https://www.tickerreport.com/banking-finance/7961701/overbrook-management-corp-sells-512-shares-of-exxon-mobil-co-nysexom.html,-2.108829435529177,-0.968486025929451,2.1802793632044617,4,2.7291855004750185,2.213420369274638,3.1586842285706025,0.6198273544975876,,,2.7291855004750185,2.213420369274638,3.1586842285706025,0.6198273544975876,,
2021-10-08,https://www.zacks.com/research-daily/1808421/top-research-reports-for-roche-exxon-mobil-honeywell,0.8074623884918936,0.9944954514503479,0.8119317059864981,1,0.8119317059864981,,,,,,0.8119317059864981,,,,,
2021-10-08,https://www.zacks.com/stock/news/1808078/shell-rdsa-braces-for-hurricane-hit-q3-amid-soaring-prices,0.5473289744072446,0.7892828583717346,0.6934509835122566,1,0.6934509835122566,,,,,,0.6934509835122566,,,,,
2021-10-08,https://www.zacks.com/stock/news/1808206/exxonmobil-xom-revises-stabroek-resource-estimate-upward,1.7570642602333688,0.9401550889015198,1.8689089502098302,1,1.8689089502098302,,,,,,1.8689089502098302,,,,,
2021-10-08,https://www.fool.com/investing/2021/10/08/could-energy-lead-the-stock-market-higher-in-2022/,0.7561137879825883,0.9922417402267456,0.7620257819528962,1,0.7620257819528962,,,,,,0.7620257819528962,,,,,
2021-10-11,https://www.benzinga.com/news/earnings/21/10/23319034/goldman-sachs-downgrades-u-s-economic-growth,-2.55998301334067,-0.7516008615493774,3.406040551980512,1,3.406040551980512,,,,,,3.406040551980512,,,,,
2021-10-11,https://www.zacks.com/stock/news/1808915/the-zacks-analyst-blog-highlights-roche-holding-exxon-mobil-honeywell-equinix-and-aon,0.7966379260931449,0.9926666617393494,0.8025230994433488,1,0.8025230994433488,,,,,,0.8025230994433488,,,,,
2021-10-11,https://www.zacks.com/stock/news/1809044/heres-why-hold-strategy-is-apt-for-exxonmobil-xom-stock-now,1.090746015266536,0.8427859544754028,1.4125902834956634,2,0.7710495817990873,2.0541309851922396,,,,,0.7710495817990873,2.0541309851922396,,,,
2021-10-11,https://www.com-unik.info/2021/10/11/california-public-employees-retirement-system-lowers-holdings-in-exxon-mobil-co-nysexom.html,-2.112446185480366,-0.9683160483837128,2.184368298654819,4,2.7455412422764494,2.213420369274638,3.1586842285706025,0.6198273544975876,,,2.7455412422764494,2.213420369274638,3.1586842285706025,0.6198273544975876,,
2021-10-12,https://www.zacks.com/stock/news/1809625/news-from-shell-exxonmobil-dominate-oil-gas-stock-roundup,-1.3098489837207075,-0.9908088445663452,1.3183447760260556,2,0.7217183859443055,1.9149711661078057,,,,,0.7217183859443055,1.9149711661078057,,,,
2021-10-12,https://www.benzinga.com/general/biotech/21/10/23336751/winners-and-losers-of-rising-energy-prices,-1.8657376063817213,-0.9957980513572693,1.8736104211478697,1,1.8736104211478697,,,,,,1.8736104211478697,,,,,
2021-10-13,https://www.tickerreport.com/banking-finance/7977562/johnson-investment-counsel-inc-lowers-position-in-exxon-mobil-co-nysexom.html,-2.108829435529177,-0.968486025929451,2.1802793632044617,4,2.7291855004750185,2.213420369274638,3.1586842285706025,0.6198273544975876,,,2.7291855004750185,2.213420369274638,3.1586842285706025,0.6198273544975876,,
2021-10-13,https://www.investing.com/analysis/3-sectors-set-to-report-explosive-earnings-sales-growth-as-q3-season-starts-200604889,1.5400707863668726,0.8009870648384094,1.922716176044073,1,1.922716176044073,,,,,,1.922716176044073,,,,,
2021-10-13,https://www.wkrb13.com/2021/10/13/exxon-mobil-nysexom-cut-to-underperform-at-exane-bnp-paribas.html,-2.109224564553526,-0.9684955179691315,2.1806490704098342,4,2.7306643292965087,2.213420369274638,3.1586842285706025,0.6198273544975876,,,2.7306643292965087,2.213420369274638,3.1586842285706025,0.6198273544975876,,
2021-10-13,https://www.fool.com/investing/2021/10/13/3-top-dividend-stocks-to-buy-right-now-for-income/,0.751523051092158,0.9779631793498993,0.7693979472807563,2,0.6149981057853372,0.9237977887761754,,,,,0.6149981057853372,0.9237977887761754,,,,
2021-10-13,https://www.zacks.com/stock/news/1810035/heres-why-exxon-mobil-xom-is-a-strong-momentum-stock,-1.385980163321935,-0.9888792037963867,1.401566700969184,1,1.401566700969184,,,,,,1.401566700969184,,,,,
2021-10-15,https://www.dailypolitical.com/2021/10/15/seeyond-sells-661-shares-of-exxon-mobil-co-nysexom.html,-2.112446185480366,-0.9683160483837128,2.184368298654819,4,2.7455412422764494,2.213420369274638,3.1586842285706025,0.6198273544975876,,,2.7455412422764494,2.213420369274638,3.1586842285706025,0.6198273544975876,,
2021-10-15,https://www.zacks.com/stock/news/1810959/will-the-big-oil-companies-crush-earnings-estimates-in-q3,1.7287930913219969,0.955571174621582,1.8128333814160003,2,0.7680704974562799,2.8575962653757205,,,,,0.7680704974562799,2.8575962653757205,,,,
2021-10-18,https://www.fool.com/investing/2021/10/18/digging-for-fossil-fuel-winners/,-0.5757264834009348,-0.9994296431541443,0.5760550403367806,1,0.5760550403367806,,,,,,0.5760550403367806,,,,,
2021-10-18,https://www.dailypolitical.com/2021/10/18/willis-investment-counsel-trims-stock-holdings-in-exxon-mobil-co-nysexom.html,-2.1119092422876524,-0.9683921188116074,2.1836212145023888,4,2.7425529056667273,2.213420369274638,3.1586842285706025,0.6198273544975876,,,2.7425529056667273,2.213420369274638,3.1586842285706025,0.6198273544975876,,
2021-10-19,https://www.investing.com/analysis/earnings-optimism-keeps-sp-and-nasdaq-moving-higher-200605474,-0.5839948365325255,-0.9950566291809082,0.5868960814956303,1,0.5868960814956303,,,,,,0.5868960814956303,,,,,
2021-10-19,https://www.zacks.com/stock/news/1812247/chevron-cvx-sets-net-zero-goal-includes-end-user-emissions,-0.6560679483247139,-0.8908432722091675,0.7364572072231703,1,0.7364572072231703,,,,,,0.7364572072231703,,,,,
2021-10-20,https://www.dailypolitical.com/2021/10/20/marshall-wace-llp-sells-284039-shares-of-exxon-mobil-co-nysexom.html,-2.109224564553526,-0.9684955179691315,2.1806490704098342,4,2.7306643292965087,2.213420369274638,3.1586842285706025,0.6198273544975876,,,2.7306643292965087,2.213420369274638,3.1586842285706025,0.6198273544975876,,
2021-10-23,https://www.tickerreport.com/banking-finance/8015976/utah-retirement-systems-trims-position-in-exxon-mobil-co-nysexom.html,-2.112446185480366,-0.9683160483837128,2.184368298654819,4,2.7455412422764494,2.213420369274638,3.1586842285706025,0.6198273544975876,,,2.7455412422764494,2.213420369274638,3.1586842285706025,0.6198273544975876,,
2021-10-25,https://www.wkrb13.com/2021/10/25/formidable-asset-management-llc-cuts-position-in-exxon-mobil-co-nysexom.html,-2.109224564553526,-0.9684955179691315,2.1806490704098342,4,2.7306643292965087,2.213420369274638,3.1586842285706025,0.6198273544975876,,,2.7306643292965087,2.213420369274638,3.1586842285706025,0.6198273544975876,,
2021-10-25,https://dbtnews.com/2021/10/25/exxon-mobil-corporation-xom-revenue-clocked-in-at-214-66-billion-up-53-13-ytd-whats-next/,-0.6005095590193757,-0.987017810344696,0.6084080274191404,1,0.6084080274191404,,,,,,0.6084080274191404,,,,,
2021-10-26,https://www.zacks.com/stock/news/1816594/exxonmobil-xom-gears-up-for-q3-earnings-whats-in-the-offing,-1.8257869398674456,-0.9709426462650299,1.8798951747903385,2,0.7389337011634189,3.0208566484172583,,,,,0.7389337011634189,3.0208566484172583,,,,
2021-10-27,https://www.zacks.com/stock/news/1817473/chevrons-cvx-upstream-unit-looks-bullish-pre-q3-earnings,0.6821314224059091,0.9916457533836365,0.687878125911778,1,0.687878125911778,,,,,,0.687878125911778,,,,,
2021-10-28,https://www.zacks.com/stock/news/1818398/shell-rdsa-misses-on-q3-earnings-targeted-by-hedge-fund,-0.5489345059017458,-0.9955921769142151,0.5513648245038837,1,0.5513648245038837,,,,,,0.5513648245038837,,,,,
2021-10-29,https://news.alphastreet.com/exxon-mobil-corporation-xom-q3-2021-earnings-call-transcript/,0.5457936106343392,0.7396852970123291,0.7412737598808974,6,0.9360925324460181,0.7511453930234366,0.7486547266959911,0.5703587716783144,0.7503133316011661,0.6910778038404577,0.9360925324460181,0.7511453930234366,0.7486547266959911,0.5703587716783144,0.7503133316011661,0.6910778038404577
2021-10-29,https://www.zacks.com/stock/news/1819802/chevron-cvx-q3-earnings-top-sets-free-cash-flow-record,0.6002620194253776,0.8501874804496765,0.7060348843385582,1,0.7060348843385582,,,,,,0.7060348843385582,,,,,
2021-10-29,https://www.zacks.com/stock/news/1819941/exxonmobil-xom-tops-q3-earnings-estimates-plans-10b-buyback,-0.9067421215615488,-0.48991474509239197,1.8309211371439582,4,1.807314526456239,0.7254114881020883,2.7576331921672006,2.033325341850305,,,1.807314526456239,0.7254114881020883,2.7576331921672006,2.033325341850305,,
2021-10-29,https://news.alphastreet.com/key-highlights-from-exxon-mobils-xom-q3-2021-earnings-results/#utm_source=rss&utm_medium=rss&utm_campaign=key-highlights-from-exxon-mobils-xom-q3-2021-earnings-results,-0.601237747389327,-0.9823724627494812,0.6120262631411433,1,0.6120262631411433,,,,,,0.6120262631411433,,,,,
2021-10-29,https://www.zacks.com/stock/news/1819952/personal-income-declined-in-september,-0.5375225974884259,-0.9540022015571594,0.5634395776142452,1,0.5634395776142452,,,,,,0.5634395776142452,,,,,
2021-10-29,https://www.zacks.com/stock/news/1819929/gaps-reported-in-earnings-spending-exxon-chevron-beat-in-q3,-0.5386094042158656,-0.9590712785720825,0.5615947596906212,1,0.5615947596906212,,,,,,0.5615947596906212,,,,,
2021-10-29,https://news.alphastreet.com/exxon-mobil-corporation-xom-q3-2021-earnings-call-transcript/#utm_source=rss&utm_medium=rss&utm_campaign=exxon-mobil-corporation-xom-q3-2021-earnings-call-transcript,0.5457936106343392,0.7396852970123291,0.7412737598808974,6,0.9360925324460181,0.7511453930234366,0.7486547266959911,0.5703587716783144,0.7503133316011661,0.6910778038404577,0.9360925324460181,0.7511453930234366,0.7486547266959911,0.5703587716783144,0.7503133316011661,0.6910778038404577
2021-10-30,https://www.marketwatch.com/story/dems-compare-oil-companies-climate-change-response-to-tobacco-cancer-denial-11635446455,-1.1114550485051287,-0.9887886047363281,1.127478311378986,2,0.6124210730766513,1.6425355496813205,,,,,0.6124210730766513,1.6425355496813205,,,,
2021-10-30,https://www.fool.com/earnings/call-transcripts/2021/10/30/exxonmobil-xom-q3-2021-earnings-call-transcript/,0.5857781719736771,0.6618682344754537,0.818520855957609,6,0.7360923627679427,0.7495809556364124,0.7487515459348764,0.6887671301056988,0.5713100039192059,1.4166231373815181,0.7360923627679427,0.7495809556364124,0.7487515459348764,0.6887671301056988,0.5713100039192059,1.4166231373815181
2021-11-03,https://www.zacks.com/stock/news/1822480/oil-gas-stock-roundup-a-whole-lot-of-big-oil-earnings,-0.6820592879109293,-0.0017042160034179688,1.4107941425934902,2,2.092467553844411,0.7291207313425695,,,,,2.092467553844411,0.7291207313425695,,,,
2021-11-03,https://www.zacks.com/commentary/1822191/bull-of-the-day-exxonmobil-xom,1.7126780070145844,0.995698869228363,1.7196793608998524,2,1.969333185829779,1.470025535969926,,,,,1.969333185829779,1.470025535969926,,,,
2021-11-03,https://www.zacks.com/stock/news/1822457/exxon-mobil-texas-roadhouse-t-mobile-mondelez-and-lyft-highlighted-as-zacks-bull-and-bear-of-the-day,1.7496346149945317,0.9852200448513031,1.784074407530788,2,2.7269742867272186,0.8411745283343574,,,,,2.7269742867272186,0.8411745283343574,,,,
2021-11-03,https://www.fool.com/investing/2021/11/03/oil-is-back-over-80-time-to-buy-exxon-mobil/,-0.01424830223682183,0.00736852486928304,0.7891888025322297,6,0.6124480914944729,0.9329206572060109,0.7324797176603498,0.916944826895921,0.7613236934059094,0.7790158285307137,0.6124480914944729,0.9329206572060109,0.7324797176603498,0.916944826895921,0.7613236934059094,0.7790158285307137
2021-11-03,https://www.tickerreport.com/banking-finance/8055751/exxon-mobil-nysexom-downgraded-by-truist-to-sell.html,-2.109192175258334,-0.9684836566448212,2.1806490704098342,4,2.7306643292965087,2.213420369274638,3.1586842285706025,0.6198273544975876,,,2.7306643292965087,2.213420369274638,3.1586842285706025,0.6198273544975876,,
2021-11-04,https://www.zacks.com/stock/news/1823331/the-zacks-analyst-blog-highlights-exxon-mobil-chevron-royal-dutch-shell-totalenergies-and-eni,-0.6835447728421848,-0.33365102608998615,1.2463309217803367,3,0.7965504806743512,2.100623117979629,0.8418191666870295,,,,0.7965504806743512,2.100623117979629,0.8418191666870295,,,
2021-11-05,https://www.fool.com/investing/2021/11/05/3-robinhood-stocks-with-high-dividend-yields/,1.1424626272384033,0.9769313534100851,1.1693576075683418,3,0.7652681398890236,1.977301622754851,0.7655030600611508,,,,0.7652681398890236,1.977301622754851,0.7655030600611508,,,
2021-11-05,https://www.zacks.com/commentary/1824223/4-energy-stocks-from-the-recovering-integrated-oil-industry,1.9030792964850252,0.9844321012496948,1.9331747655009894,1,1.9331747655009894,,,,,,1.9331747655009894,,,,,
2021-11-06,https://www.investing.com/analysis/a-strong-jobs-report-and-five-straight-weekly-gains-200607525,1.7598409271657194,0.9968222379684448,1.7654511106737854,1,1.7654511106737854,,,,,,1.7654511106737854,,,,,
2021-11-08,https://www.fool.com/investing/2021/11/08/why-kosmos-energy-stock-dropped-more-than-105-toda/,-0.7736098594352732,-0.9994741082191467,0.7740169085657294,1,0.7740169085657294,,,,,,0.7740169085657294,,,,,
2021-11-08,https://www.zacks.com/stock/news/1824851/zacks-industry-outlook-highlights-exxon-mobil-chevron-bp-and-eni,-0.7255200047362838,-0.9407973289489746,0.7711756638880012,1,0.7711756638880012,,,,,,0.7711756638880012,,,,,
2021-11-08,https://www.zacks.com/stock/news/1825106/why-this-1-momentum-stock-could-be-a-great-addition-to-your-portfolio,-1.382253449036905,-0.9862202405929565,1.401566700969184,1,1.401566700969184,,,,,,1.401566700969184,,,,,
2021-11-10,https://www.marketwatch.com/story/amazon-is-proof-of-a-major-weakness-in-esg-ratings-11636553274,-0.5705933738092556,-0.9949544072151184,0.5734869554539176,1,0.5734869554539176,,,,,,0.5734869554539176,,,,,
2021-11-15,https://dbtnews.com/2021/11/15/exxon-mobil-corporation-xom-is-currently-0-76-below-its-200-period-moving-avg-what-dose-this-mean/,-0.6083194424094589,-0.9980810880661011,0.6094889981215345,1,0.6094889981215345,,,,,,0.6094889981215345,,,,,
2021-11-17,https://www.zacks.com/stock/news/1828940/exxonmobil-xom-begins-sale-process-of-texas-gas-properties,-0.6545682265684545,-0.7784065008163452,0.8679570249295621,2,0.772143576039701,0.963770473819423,,,,,0.772143576039701,0.963770473819423,,,,
2021-11-17,https://www.zacks.com/stock/news/1828831/technipfmc-fti-inks-large-subsea-contract-for-yellowtail,1.4168636680053592,0.947852611541748,1.4654136777845153,2,0.773007680399108,2.1578196751699226,,,,,0.773007680399108,2.1578196751699226,,,,
2021-11-18,https://www.zacks.com/stock/news/1829316/talos-energy-talo-to-develop-ccs-facility-on-us-gulf-coast,2.0189553932808293,0.963444173336029,2.0955603335997965,1,2.0955603335997965,,,,,,2.0955603335997965,,,,,
2021-11-18,https://www.tipranks.com/news/article/exxon-mobil-historically-cheap-but-mediocre-upside-potential?utm_source=investorplace.com&,1.1794604647428375,0.549674391746521,2.1457438848392605,1,2.1457438848392605,,,,,,2.1457438848392605,,,,,
2021-11-19,https://investchronicle.com/2021/11/19/take-note-of-this-trade-activity-exxon-mobil-corporation-xom/,0.5239581862112865,0.8820697069168091,0.594009954205017,1,0.594009954205017,,,,,,0.594009954205017,,,,,
2021-11-19,https://www.zacks.com/stock/news/1829846/gulf-of-mexico-lease-sale-draws-a-combined-192m-from-bidders,1.709552215897372,0.9519258141517639,1.7958880728754152,1,1.7958880728754152,,,,,,1.7958880728754152,,,,,
2021-11-19,https://www.zacks.com/stock/news/1829863/why-this-1-growth-stock-could-be-a-great-addition-to-your-portfolio,-0.7470248441485895,-0.9911410808563232,0.7537018276986129,1,0.7537018276986129,,,,,,0.7537018276986129,,,,,
2021-11-19,https://www.fool.com/investing/2021/11/19/oil-and-gas-stocks-are-soaring-but-the-market-does/,0.7008649122638413,0.9599019289016724,0.7301422063666199,1,0.7301422063666199,,,,,,0.7301422063666199,,,,,
2021-11-19,https://www.fool.com/investing/2021/11/19/why-exxonmobil-conocophillips-and-phillips-66-shar/,-1.564225774335195,-0.9940179884433746,1.570858621758883,2,0.7495522034210965,2.3921650400966694,,,,,0.7495522034210965,2.3921650400966694,,,,
2021-11-19,https://qz.com/2092389/the-simple-explanation-for-rising-us-gas-prices/,-1.8125784428667644,-0.998880922794342,1.8146091305819776,1,1.8146091305819776,,,,,,1.8146091305819776,,,,,
2021-11-20,https://www.fool.com/investing/2021/11/20/missed-out-on-lucid-and-rivian-try-these-2-stocks/,0.6455940722713699,0.8710220456123352,0.7411914262371078,1,0.7411914262371078,,,,,,0.7411914262371078,,,,,
2021-11-21,https://www.fool.com/investing/2021/11/21/prices-are-rising-but-these-3-stocks-do-well-in-ti/,0.7760656959761582,0.9978556036949158,0.7777334647442962,1,0.7777334647442962,,,,,,0.7777334647442962,,,,,
2021-11-22,https://www.zacks.com/stock/news/1830409/eni-e-bf-form-joint-venture-to-develop-renewable-products,0.8711743930749837,0.9763793349266052,0.8922499298292401,1,0.8922499298292401,,,,,,0.8922499298292401,,,,,
2021-11-23,https://investchronicle.com/2021/11/23/exxon-mobil-corporation-xom-investing-has-never-been-easier/,0.5176176532754918,0.8713955879211426,0.594009954205017,1,0.594009954205017,,,,,,0.594009954205017,,,,,
2021-11-23,https://www.zacks.com/stock/news/1830751/oil-gas-stock-roundup-conocophillips-eni-grab-the-headlines-this-week,-1.6260259361035807,-0.95579594373703,1.6742541476219457,2,2.305229864630153,1.0432784306137384,,,,,2.305229864630153,1.0432784306137384,,,,
2021-11-24,https://www.zacks.com/stock/news/1831325/heres-why-exxonmobil-xom-is-an-attractive-investment-bet,1.2828498217653284,0.5918684005737305,2.16745786820481,1,2.16745786820481,,,,,,2.16745786820481,,,,,
2021-11-25,https://www.zacks.com/stock/news/1831816/equinor-eqnr-awards-four-contracts-worth-560m-to-aibel,0.6722406926147427,0.8476371467113495,0.8041922282055551,2,0.891426782916789,0.7169576734943212,,,,,0.891426782916789,0.7169576734943212,,,,
2021-11-26,https://www.fool.com/investing/2021/11/26/why-oil-stocks-plunged-on-friday/,-1.8419602354002866,-0.9994506239891052,1.8429727204016089,1,1.8429727204016089,,,,,,1.8429727204016089,,,,,
2021-11-26,https://www.zacks.com/stock/news/1832277/exxonmobil-xom-signs-deal-to-commercialize-low-carbon-biofuels,-0.5959352022958149,0.022576749324798584,1.5492267413141962,2,2.2308769562951576,0.8675765263332347,,,,,2.2308769562951576,0.8675765263332347,,,,
2021-11-27,https://www.equities.com/news/exxon-mobil-xom-falls-3-51-for-november-26,1.9100427907219992,0.9964144229888916,1.916916040810153,1,1.916916040810153,,,,,,1.916916040810153,,,,,
2021-11-29,https://investchronicle.com/2021/11/29/do-exxon-mobil-corporation-xom-beta-value-of-1-34-signposts-another-twist/,-0.5023784893516373,-0.8476935029029846,0.5926416654500803,1,0.5926416654500803,,,,,,0.5926416654500803,,,,,
2021-11-30,http://m.investing.com/equities/exxon-mobil,-1.7190301137569934,-0.9903357028961182,1.7358054533729277,1,1.7358054533729277,,,,,,1.7358054533729277,,,,,
2021-11-30,https://www.zacks.com/stock/news/1833430/totalenergies-tte-starts-production-at-640mw-yunlin-owf,-0.9452753805762768,-0.9863389730453491,0.9583676671091204,1,0.9583676671091204,,,,,,0.9583676671091204,,,,,
2021-11-30,https://www.zacks.com/stock/news/1833304/exxonmobil-xom-continues-development-plan-for-vietnam-project,0.7031192160169448,0.826858788728714,0.85308664125015,2,0.8370750526229446,0.8690982298773554,,,,,0.8370750526229446,0.8690982298773554,,,,
2021-12-01,https://thehill.com/policy/finance/583879-powell-yellen-say-they-underestimated-inflation-and-supply-snarls,-0.5560072595181156,-0.9949131011962891,0.5588500732873749,1,0.5588500732873749,,,,,,0.5588500732873749,,,,,
2021-12-01,https://thehill.com/policy/energy-environment/583875-coons-says-white-house-could-impose-border-fee-for-carbon-intensive,-0.7300439958613,-0.9796530306339264,0.7450675687651382,2,0.7201571934610107,0.7699779440692657,,,,,0.7201571934610107,0.7699779440692657,,,,
2021-12-01,https://abcnews.go.com/Technology/wireStory/oil-demand-climate-change-clash-california-pipeline-plan-81499109,-0.6129583120507643,-0.9821051359176636,0.6233610826015396,3,0.5780424872955175,0.5452740671539749,0.7467666933551261,,,,0.5780424872955175,0.5452740671539749,0.7467666933551261,,,
2021-12-01,https://www.businesswire.com/news/home/20211201005143/en/Architect-Equity-Acquires-Timec-Oil-Gas-From-Ferrovial-S.A.,0.7503683376418593,0.9979202151298523,0.7519321948440729,1,0.7519321948440729,,,,,,0.7519321948440729,,,,,
2021-12-01,https://thehill.com/policy/energy-environment/overnights/583914-energy-environment,-0.33968361241181066,-0.4479808062314987,0.8099667453770412,4,0.7712924559553695,0.8715535301495447,0.7321770100242216,0.8648439853790288,,,0.7712924559553695,0.8715535301495447,0.7321770100242216,0.8648439853790288,,
2021-12-01,https://www.rigzone.com/news/exxon_to_spend_15b_on_ghg_reduction_projects_by_2027-01-dec-2021-167179-article/,1.0276443660358374,0.9684148132801056,1.058793793416732,2,0.6816857940386041,1.4359017927948599,,,,,0.6816857940386041,1.4359017927948599,,,,
2021-12-01,https://www.business-standard.com/article/international/exxonmobil-lifts-spending-on-emission-reduction-plan-to-15-bln-121120101421_1.html,-2.066884898254404,-0.993890643119812,2.0795898548420526,1,2.0795898548420526,,,,,,2.0795898548420526,,,,,
2021-12-01,https://economictimes.indiatimes.com/news/international/business/exxonmobil-lifts-spending-on-emission-reduction-plan-to-usd-15b/articleshow/88034616.cms,-0.8917989340802293,-0.9853276014328003,0.9050786081537068,1,0.9050786081537068,,,,,,0.9050786081537068,,,,,
2021-12-01,https://www.gizmodo.com.au/2021/12/the-pr-firms-doing-big-oils-dirty-work/,-0.5510487152116456,-0.9876466989517212,0.557941129957224,1,0.557941129957224,,,,,,0.557941129957224,,,,,
2021-12-01,https://news.yahoo.com/exxonmobil-aims-double-profits-n-154843176.html,-0.0952664612021556,-0.1984037458896637,0.7665494510004942,2,0.6952707907169688,0.8378281112840196,,,,,0.6952707907169688,0.8378281112840196,,,,
2021-12-01,https://thehill.com/policy/energy-environment/583896-democrats-wrangle-to-keep-climate-priorities-in-spending-bill,-0.8104455075188872,-0.9688837230205536,0.8344018833354265,2,0.9241143582985454,0.7446894083723078,,,,,0.9241143582985454,0.7446894083723078,,,,
2021-12-01,https://www.kpbs.org/news/local/2021/12/01/oil-pipeline-planned-even-as-california-moves-away-from-gas,-0.684947559723464,-0.9897923171520233,0.6920048005272701,2,0.6899110446428044,0.6940985564117359,,,,,0.6899110446428044,0.6940985564117359,,,,
2021-12-02,https://www.zacks.com/stock/news/1834348/exxonmobil-xom-sets-plans-to-cut-greenhouse-gas-emissions,-0.9286313416011335,-0.9738328456878662,0.9535839191634529,1,0.9535839191634529,,,,,,0.9535839191634529,,,,,
2021-12-02,https://finance.yahoo.com/news/abortion-could-become-a-business-nightmare-in-2022-171335587.html,-0.5682665300728112,-0.9920014142990112,0.572848507957392,1,0.572848507957392,,,,,,0.572848507957392,,,,,
2021-12-02,https://thehill.com/policy/energy-environment/overnights/584131-energy-environment,-0.6916881382365555,-0.9968882203102112,0.6938472379795162,1,0.6938472379795162,,,,,,0.6938472379795162,,,,,
2021-12-02,https://www.rigzone.com/news/exexxonmobil_leader_appointed_lundin_energy_norway_md-02-dec-2021-167189-article/,1.9701043092931734,0.9990397095680237,1.9719980001045503,1,1.9719980001045503,,,,,,1.9719980001045503,,,,,
2021-12-02,https://www.smarteranalyst.com/yahoo/exxon-mobil-predicts-earnings-and-cash-flows-to-double-by-2027/,-1.1256288015256075,-0.668792724609375,1.6830757275104316,1,1.6830757275104316,,,,,,1.6830757275104316,,,,,
2021-12-02,https://oilprice.com/Latest-Energy-News/World-News/European-Oil-Majors-Doubled-Spending-On-Low-Carbon-Energy-Sources.html,0.7797061248256668,0.9958401918411255,0.782963101121811,1,0.782963101121811,,,,,,0.782963101121811,,,,,
2021-12-02,https://allafrica.com/stories/202112020458.html,-1.1691229754749974,-0.8445245027542114,1.3843564889617612,1,1.3843564889617612,,,,,,1.3843564889617612,,,,,
2021-12-02,https://thehill.com/homenews/house/584039-house-passes-bill-to-expedite-financial-disclosures-from-judges,-0.6963490655726594,-0.9906202554702759,0.7029424865152616,1,0.7029424865152616,,,,,,0.7029424865152616,,,,,
2021-12-02,https://thehill.com/homenews/senate/583981-progressive-groups-urge-schumer-to-prevent-further-cuts-to-2t-plan,-0.7154358505993773,-0.982282817363739,0.7283399831012738,1,0.7283399831012738,,,,,,0.7283399831012738,,,,,
2021-12-02,https://thehill.com/homenews/house/584112-house-passes-stopgap-spending-bill-sends-to-senate,-0.7133406138550221,-0.9914574027061462,0.719486900705956,1,0.719486900705956,,,,,,0.719486900705956,,,,,
2021-12-02,https://thehill.com/homenews/senate/584012-schumer-facing-pressure-in-new-york-to-preserve-paid-leave-in-spending,-0.683654631186473,-0.9927951693534851,0.6886159927950429,1,0.6886159927950429,,,,,,0.6886159927950429,,,,,
2021-12-02,https://thehill.com/homenews/senate/584004-manchin-wont-rule-out-backing-gop-effort-to-defund-biden-vaccine-mandate,-0.7004201112840612,-0.9915019273757935,0.7064233482005042,1,0.7064233482005042,,,,,,0.7064233482005042,,,,,
2021-12-02,https://oilprice.com/Energy/Energy-General/Could-Suriname-Become-The-Next-Oil-Hotspot-In-Latin-America.html,-1.5815602496952408,-0.962893545627594,1.642507893917196,1,1.642507893917196,,,,,,1.642507893917196,,,,,
2021-12-02,https://thehill.com/homenews/senate/584006-schumer-warns-of-republican-anti-vaccine-shutdown,-0.7177766266536701,-0.9948276877403259,0.7215084938820352,1,0.7215084938820352,,,,,,0.7215084938820352,,,,,
2021-12-02,https://www.startribune.com/a-weary-pope-urges-greek-turkish-cypriots-to-heal-division/600122955/,0.44942759798151083,0.6239500641822815,0.7202941770196125,1,0.7202941770196125,,,,,,0.7202941770196125,,,,,
2021-12-02,https://thehill.com/homenews/senate/583937-gop-fears-boomerang-as-threat-of-government-shutdown-grows,-0.5520671661636198,-0.9964458346366882,0.5540363028010526,1,0.5540363028010526,,,,,,0.5540363028010526,,,,,
2021-12-02,https://www.fool.com/investing/2021/12/02/these-2-dividend-etfs-are-retiree-best-friend/,0.5659320470275264,0.9961749315261841,0.5681050878890251,1,0.5681050878890251,,,,,,0.5681050878890251,,,,,
2021-12-02,https://www.reuters.com/markets/europe/exxonmobils-governance-structure-fails-energy-transition-engine-no-1-2021-12-02/,-0.8556714460335532,-0.9912086725234985,0.8635379205775383,3,0.8822544003646191,0.9836951698900811,0.7246641914779147,,,,0.8822544003646191,0.9836951698900811,0.7246641914779147,,,
2021-12-02,http://grist.org/language/study-public-relations-hidden-role-in-climate-crisis/,-0.556326179247445,-0.022214680910110474,1.142099740802784,2,1.686364058159414,0.5978354234461538,,,,,1.686364058159414,0.5978354234461538,,,,
2021-12-02,https://www.forbes.com/sites/woodmackenzie/2021/12/02/the-majors-accelerating-tilt-towards-new-energy/,0.701670578190437,0.9510516822338104,0.7381560925531264,2,0.7464285093052143,0.7298836758010385,,,,,0.7464285093052143,0.7298836758010385,,,,
2021-12-02,https://thehill.com/policy/finance/overnights/583926-on-the-money,-0.8018218982508469,-0.9041547775268555,0.8868192904361787,1,0.8868192904361787,,,,,,0.8868192904361787,,,,,
2021-12-02,https://www.businesswire.com/news/home/20211202005317/en/Morrison-Hires-Wind-Renewables-Veteran-to-Spearhead-Expansion,0.7508759435272461,0.9980104565620422,0.7523728219380307,1,0.7523728219380307,,,,,,0.7523728219380307,,,,,
2021-12-03,https://oilprice.com/Energy/Energy-General/OPEC-Confidence-And-Caveats-Calm-A-Crazed-Oil-Market.html,-0.7283169991960059,-0.9979850947856903,0.7298095576334243,2,0.7164939205506085,0.7431251947162402,,,,,0.7164939205506085,0.7431251947162402,,,,
2021-12-03,https://www.environmentalleader.com/2021/12/plastic-recycling-market-rapidly-growing-aided-by-government-and-industry-support/,-1.2908717239681127,-0.8117485046386719,1.5902360356582483,1,1.5902360356582483,,,,,,1.5902360356582483,,,,,
2021-12-03,https://thehill.com/policy/energy-environment/overnights/584311-energy-environment,-0.7577413422617397,-0.9911749362945557,0.764359788197555,3,0.7431287800189577,0.6846367245953934,0.8653138599783137,,,,0.7431287800189577,0.6846367245953934,0.8653138599783137,,,
2021-12-03,https://thehill.com/policy/energy-environment/584234-democrats-press-drillers-for-methane-leak-data,-1.254824736009216,-0.9731989204883575,1.3012352815537298,2,0.8094732013729367,1.792997361734523,,,,,0.8094732013729367,1.792997361734523,,,,
2021-12-03,https://www.prnewswire.com/news-releases/usw-oil-workers-will-protest-exxonmobils-beaumont-lockout-ceo-woods-at-world-petroleum-congress-301437220.html,-1.7328122983198355,-0.9866859912872314,1.7561942843226213,1,1.7561942843226213,,,,,,1.7561942843226213,,,,,
2021-12-03,https://dailycaller.com/2021/12/03/democrats-oil-gas-industry-investigation-emissions-methane/,-0.7170989479122685,-0.9728261828422546,0.7371295721268095,1,0.7371295721268095,,,,,,0.7371295721268095,,,,,
2021-12-03,https://thehill.com/homenews/morning-report/584175-the-hills-morning-report,-0.6748985715278976,-0.9495919346809387,0.7107248354575193,1,0.7107248354575193,,,,,,0.7107248354575193,,,,,
2021-12-03,https://thehill.com/policy/healthcare/584166-manchin-to-vote-to-nix-bidens-vaccine-mandate-for-larger-businesses,-0.6597008271535775,-0.9318051934242249,0.7079814877713759,1,0.7079814877713759,,,,,,0.7079814877713759,,,,,
2021-12-03,https://thehill.com/homenews/senate/584160-congress-averts-shutdown-after-vaccine-mandate-fight,-0.702837553805583,-0.9938291907310486,0.7072015597454773,1,0.7072015597454773,,,,,,0.7072015597454773,,,,,
2021-12-03,https://thehill.com/homenews/senate/584157-senate-cuts-deal-to-clear-government-funding-bill,-0.7162913856145843,-0.9955586194992065,0.719486900705956,1,0.719486900705956,,,,,,0.719486900705956,,,,,
2021-12-03,https://foreignpolicy.com/2021/12/03/fossil-fuels-downfall-could-be-americas-too/,0.7414663441679007,0.9634612798690796,0.7695860328384502,1,0.7695860328384502,,,,,,0.7695860328384502,,,,,
2021-12-03,https://www.washingtonpost.com/politics/2021/12/03/sen-ted-cruz-wants-sanction-natural-gas-pipeline-not-because-climate-change/,-1.3843735415754574,-0.886397659778595,1.5617973787535124,1,1.5617973787535124,,,,,,1.5617973787535124,,,,,
2021-12-03,https://www.washingtonpost.com/climate-environment/2021/12/03/methane-leaks-house-science-committee/,1.5378177572595284,0.8452068567276001,1.8194572666075146,1,1.8194572666075146,,,,,,1.8194572666075146,,,,,
2021-12-03,https://thehill.com/policy/finance/584170-senate-averts-initial-december-crisis-with-last-minute-deal,-0.7165479793587223,-0.984195351600647,0.7280546267500286,1,0.7280546267500286,,,,,,0.7280546267500286,,,,,
2021-12-03,https://www.desmog.com/2021/12/03/fund-the-research-you-can-shape-the-world-koch-standard-oil/,-0.6538094960604136,-0.8737682104110718,0.7482642287395914,1,0.7482642287395914,,,,,,0.7482642287395914,,,,,
2021-12-04,https://thehill.com/opinion/finance/584190-irs-data-prove-trump-tax-cuts-benefited-middle-working-class-americans-most,-0.7153126640833244,-0.9953125715255737,0.7186814318912127,1,0.7186814318912127,,,,,,0.7186814318912127,,,,,
2021-12-04,https://amp.theguardian.com/environment/2021/dec/04/exxon-podasts-oil-company-ads-climate-crisis,-1.0300561674522128,-0.9948464830716451,1.0363767991346904,3,1.5286035919567387,0.8785528602885524,0.7019739451587803,,,,1.5286035919567387,0.8785528602885524,0.7019739451587803,,,
2021-12-05,https://finance.yahoo.com/news/william-harnisch-peconic-partners-buying-124725596.html,-1.5584257079289812,-0.94837486743927,1.64325918097864,1,1.64325918097864,,,,,,1.64325918097864,,,,,
2021-12-05,https://www.nola.com/news/business/article_d1cb71ac-40ac-11ec-a287-179580ff0258.html,0.7146302436876076,0.9758439064025879,0.7323202399470479,1,0.7323202399470479,,,,,,0.7323202399470479,,,,,
2021-12-05,https://thehill.com/homenews/administration/584306-trump-haunts-biden-mandate-in-courts,-0.6907310780861101,-0.9966157078742981,0.6930766519417846,1,0.6930766519417846,,,,,,0.6930766519417846,,,,,
