pub_date,url,scores,sentiments,relevance,rel_subdocs,sub_1_rel,sub_2_rel,sub_3_rel,sub_4_rel,sub_5_rel,sub_6_rel,sub_7_rel,sub_8_rel,sub_9_rel,sub_10_rel,sub_11_rel,sub_12_rel,sub_13_rel,sub_14_rel,sub_1_sents,sub_2_sents,sub_3_sents,sub_4_sents,sub_5_sents,sub_6_sents,sub_7_sents,sub_8_sents,sub_9_sents,sub_10_sents,sub_11_sents,sub_12_sents,sub_13_sents,sub_14_sents
2021-09-20,https://www.zacks.com/stock/news/1798417/5-must-buy-stocks-on-rebound-in-us-retail-sales-in-august,0.16929293481839203,-0.0011258423328399658,0.44111924555905463,2,0.611368667365098,0.2708698237530113,,,,,,,,,,,,,0.611368667365098,0.2708698237530113,,,,,,,,,,,,
2021-09-20,https://www.zacks.com/stock/news/1798198/the-zacks-analyst-blog-highlights-foot-locker-ulta-beauty-kohls-macys-and-rh,-0.1142330863126668,-0.25513646999994916,1.0126628696089086,3,1.6078366374526705,1.1588442395346088,0.2713077318394464,,,,,,,,,,,,1.6078366374526705,1.1588442395346088,0.2713077318394464,,,,,,,,,,,
2021-09-21,https://www.benzinga.com/news/earnings/21/09/23033005/early-market-trading-action-could-be-telling-as-markets-rebound-from-mondays-selloff,0.21722300188939764,0.8953655362129211,0.24260817856377848,1,0.24260817856377848,,,,,,,,,,,,,,0.24260817856377848,,,,,,,,,,,,,
2021-09-21,https://www.zacks.com/stock/news/1798731/the-zacks-analyst-blog-highlights-foot-locker-macys-tapestry-costco-wholesale-and-capri-holdings,0.9341803332115869,0.49720001220703125,1.0754298483945193,4,2.171629936249996,1.0967877135070536,0.7624296628759153,0.27087208094511284,,,,,,,,,,,2.171629936249996,1.0967877135070536,0.7624296628759153,0.27087208094511284,,,,,,,,,,
2021-09-22,https://www.zacks.com/stock/news/1799543/snap-up-these-5-retail-stocks-ahead-of-big-holiday-season-sales,0.9011411165241467,-0.0005248785018920898,1.1748108149561662,2,2.078973616208458,0.27064801370387465,,,,,,,,,,,,,2.078973616208458,0.27064801370387465,,,,,,,,,,,,
2021-09-22,https://www.zacks.com/stock/news/1799537/macys-m-braces-for-the-holiday-season-unveils-hiring-plans,-0.2811226278278286,-0.15175625085830688,0.7979360755008429,5,1.222412764100032,0.8843524767326281,0.25395283349204684,1.3569946839015876,0.2719676192779202,,,,,,,,,,1.222412764100032,0.8843524767326281,0.25395283349204684,1.3569946839015876,0.2719676192779202,,,,,,,,,
2021-09-23,https://www.zacks.com/stock/news/1800315/market-outlook-etf-ideas-for-the-fourth-quarter,-0.2520799744718383,-0.9866378903388977,0.25537595531847024,2,0.2443777539050309,0.2663741567319096,,,,,,,,,,,,,0.2443777539050309,0.2663741567319096,,,,,,,,,,,,
2021-09-23,https://www.fool.com/investing/2021/09/23/good-news-for-macys-retail-spending-keeps-rising/,1.4508295591065332,0.8793155550956726,1.6715435261455387,3,2.0745883487938785,1.0829738434913694,1.8570683861513688,,,,,,,,,,,,2.0745883487938785,1.0829738434913694,1.8570683861513688,,,,,,,,,,,
2021-09-24,https://www.zacks.com/stock/news/1800817/g-iii-apparel-giii-to-acquire-sonia-rykiel-luxury-brand,0.30229521586413405,-0.0007880926132202148,0.5752964424679476,2,0.878854891886435,0.2717379930494603,,,,,,,,,,,,,0.878854891886435,0.2717379930494603,,,,,,,,,,,,
2021-09-24,https://www.zacks.com/stock/news/1800651/target-tgt-holiday-season-preps-include-more-working-hours,1.3992974380547958,0.9918233752250671,1.4108332925076137,1,1.4108332925076137,,,,,,,,,,,,,,1.4108332925076137,,,,,,,,,,,,,
2021-09-25,https://www.marketwatch.com/story/a-k-a-brands-shares-slump-in-trading-debut-as-company-highlights-risk-that-eco-conscious-gen-z-shoppers-will-reject-its-fast-fashion-business-model-11632411243,-0.19720476392734337,-0.8163602948188782,0.2415658443691167,1,0.2415658443691167,,,,,,,,,,,,,,0.2415658443691167,,,,,,,,,,,,,
2021-09-27,https://www.zacks.com/commentary/1801238/top-ranked-growth-stocks-to-buy-for-september-27th,-0.7824301614727078,-0.9939982891082764,0.7889890050827078,2,1.3062294496447528,0.2717485605206626,,,,,,,,,,,,,1.3062294496447528,0.2717485605206626,,,,,,,,,,,,
2021-09-27,https://www.zacks.com/stock/news/1801146/bed-bath-beyond-bbby-to-post-q2-earnings-whats-in-store,-0.2545639247503606,-0.9947260916233063,0.255848119168392,2,0.23951979136853777,0.2721764469682462,,,,,,,,,,,,,0.23951979136853777,0.2721764469682462,,,,,,,,,,,,
2021-09-27,https://www.zacks.com/stock/news/1801308/the-tjx-companies-tjx-looks-great-homegoods-unit-a-key-driver,1.489427803146219,0.9969649910926819,1.4939619910963913,1,1.4939619910963913,,,,,,,,,,,,,,1.4939619910963913,,,,,,,,,,,,,
2021-09-27,https://www.zacks.com/stock/news/1801134/macys-m-hits-fresh-high-is-there-still-room-to-run,0.5071520292529587,-0.018393725156784058,1.2654523457626186,2,2.1884426451500802,0.342462046375157,,,,,,,,,,,,,2.1884426451500802,0.342462046375157,,,,,,,,,,,,
2021-09-28,https://www.marketwatch.com/story/amazon-will-feel-profit-pressure-from-higher-wages-and-growing-workforce-morgan-stanley-says-11632772244,-0.5825274728563974,-0.9963054656982422,0.5846876213292114,1,0.5846876213292114,,,,,,,,,,,,,,0.5846876213292114,,,,,,,,,,,,,
2021-09-28,https://www.fool.com/investing/2021/09/28/ups-latest-acquisition-adds-a-crucial-element-to-i/,0.3795755489855255,0.6677208542823792,0.5684644212490074,1,0.5684644212490074,,,,,,,,,,,,,,0.5684644212490074,,,,,,,,,,,,,
2021-09-29,https://www.zacks.com/stock/news/1802528/5-retail-picks-to-boost-your-confidence-ahead-of-the-holidays,0.5070019456499868,0.32907408475875854,0.692359942257376,3,1.1504369211830747,0.6564239357671335,0.27021896982191973,,,,,,,,,,,,1.1504369211830747,0.6564239357671335,0.27021896982191973,,,,,,,,,,,
2021-09-30,https://www.fool.com/investing/2021/09/30/why-macys-nordstrom-and-party-city-just-crashed/,-2.214811687391178,-0.9993812143802643,2.216574358519728,2,0.6890810381438306,3.7440676788956253,,,,,,,,,,,,,0.6890810381438306,3.7440676788956253,,,,,,,,,,,,
2021-09-30,https://www.zacks.com/stock/news/1803402/5-retail-stocks-to-buy-on-a-promising-holiday-season,0.4624950518456271,-0.034316033124923706,0.7787862714215698,2,1.2862648110036932,0.2713077318394464,,,,,,,,,,,,,1.2862648110036932,0.2713077318394464,,,,,,,,,,,,
2021-09-30,https://www.zacks.com/stock/news/1803408/g-iii-apparel-giii-shines-on-digital-gains-and-brand-power,-0.014671918261287345,0.00022545456886291504,0.25720149817870386,2,0.24244595306921565,0.2719570432881921,,,,,,,,,,,,,0.24244595306921565,0.2719570432881921,,,,,,,,,,,,
2021-09-30,https://www.zacks.com/stock/news/1803198/target-tgt-gears-up-to-offer-great-holiday-deals-best-values,0.13047204352290617,-0.07930311560630798,0.4534420281117768,2,0.6344878512778148,0.2723962049457388,,,,,,,,,,,,,0.6344878512778148,0.2723962049457388,,,,,,,,,,,,
2021-09-30,https://www.zacks.com/stock/news/1803032/walmart-wmt-announces-additional-hiring-to-serve-holiday-rush,0.2792678430185197,-0.011146396398544312,0.5611326827445903,2,0.8503083222009884,0.2719570432881921,,,,,,,,,,,,,0.8503083222009884,0.2719570432881921,,,,,,,,,,,,
2021-10-01,https://www.zacks.com/stock/news/1803777/scoop-up-these-5-stocks-reflecting-relative-price-strength,0.4705525509369246,-0.016911864280700684,0.7639303055101425,2,1.2567731386603294,0.2710874723599558,,,,,,,,,,,,,1.2567731386603294,0.2710874723599558,,,,,,,,,,,,
2021-10-01,https://www.fool.com/investing/2021/10/01/why-amazon-most-important-number-now-workers/,-1.4810790821269315,-0.9983199238777161,1.4835715953399609,1,1.4835715953399609,,,,,,,,,,,,,,1.4835715953399609,,,,,,,,,,,,,
2021-10-01,https://www.zacks.com/stock/news/1803584/the-zacks-analyst-blog-highlights-express-levi-strauss-the-childrens-place-tillys-and-macys,0.4083238324820302,-0.013564318418502808,0.6837910810823616,4,1.1625949130977005,1.0523680447733126,0.2488922781074582,0.27130908835097534,,,,,,,,,,,1.1625949130977005,1.0523680447733126,0.2488922781074582,0.27130908835097534,,,,,,,,,,
2021-10-04,https://www.zacks.com/stock/news/1804284/zackscom-featured-highlights-include-cnh-industrial-nutrien-wesco-international-macys-and-commercial-metals,-0.2619855954084631,-0.9931109547615051,0.26376768363637315,2,0.25645241281143494,0.27108295446131137,,,,,,,,,,,,,0.25645241281143494,0.27108295446131137,,,,,,,,,,,,
2021-10-04,https://www.zacks.com/stock/news/1804333/why-fast-paced-mover-macys-m-is-a-great-choice-for-value-investors,1.6620184714931627,0.9843173027038574,1.6884986852590145,1,1.6884986852590145,,,,,,,,,,,,,,1.6884986852590145,,,,,,,,,,,,,
2021-10-06,https://www.zacks.com/stock/news/1805933/zackscom-featured-highlights-include-nucor-corp-williams-sonoma-and-macys,0.6744923168476263,0.9779722690582275,0.6896845014809594,1,0.6896845014809594,,,,,,,,,,,,,,0.6896845014809594,,,,,,,,,,,,,
2021-10-07,https://www.zacks.com/commentary/1807189/top-ranked-growth-stocks-to-buy-for-october-7th,-0.47825762459425913,-0.9901607930660248,0.4848744390663777,2,0.6969014806997921,0.2728473974329634,,,,,,,,,,,,,0.6969014806997921,0.2728473974329634,,,,,,,,,,,,
2021-10-08,https://www.zacks.com/stock/news/1808381/fill-your-holiday-shopping-cart-with-these-5-retail-stocks,0.9014566570139985,-0.0007329583168029785,1.1754640080997159,2,2.0802800024955572,0.27064801370387465,,,,,,,,,,,,,2.0802800024955572,0.27064801370387465,,,,,,,,,,,,
2021-10-08,https://www.zacks.com/stock/news/1808044/should-invesco-sp-smallcap-600-revenue-etf-rwj-be-on-your-investing-radar,-0.23849167913834646,-0.9858601093292236,0.24191229250630245,1,0.24191229250630245,,,,,,,,,,,,,,0.24191229250630245,,,,,,,,,,,,,
2021-10-08,https://www.zacks.com/stock/news/1808230/macys-m-is-a-top-ranked-momentum-stock-should-you-buy,-2.511580170524148,-0.9898238778114319,2.5374010738934922,1,2.5374010738934922,,,,,,,,,,,,,,2.5374010738934922,,,,,,,,,,,,,
2021-10-08,https://www.marketwatch.com/story/weight-gain-during-covid-19-especially-among-younger-consumers-is-driving-changes-in-the-way-americans-eat-and-dress-11633607993,-0.24284830020359705,-0.9930712580680847,0.24454267327808155,1,0.24454267327808155,,,,,,,,,,,,,,0.24454267327808155,,,,,,,,,,,,,
2021-10-11,https://www.zacks.com/stock/news/1808964/walmarts-wmt-sams-club-gears-up-for-holiday-season,0.5354291400231395,-0.0031164884567260742,0.812914934138409,2,1.3532135501972649,0.27261631807955317,,,,,,,,,,,,,1.3532135501972649,0.27261631807955317,,,,,,,,,,,,
2021-10-11,https://www.zacks.com/stock/news/1809104/macys-m-gains-on-strong-digital-wing-the-polaris-strategy,0.7328092253801718,0.9814457893371582,0.7538925347201043,2,0.2989746953879689,1.2088103740522398,,,,,,,,,,,,,0.2989746953879689,1.2088103740522398,,,,,,,,,,,,
2021-10-13,https://www.zacks.com/stock/news/1809986/g-iii-apparel-giii-buoyant-on-brands-digital-progress,0.3047330822836697,-0.0008651018142700195,0.5778428733407989,2,0.8839477536321374,0.2717379930494603,,,,,,,,,,,,,0.8839477536321374,0.2717379930494603,,,,,,,,,,,,
2021-10-13,https://www.fool.com/investing/2021/10/13/a-deep-dive-into-newly-public-riskified/,0.24961764687643495,0.9941154718399048,0.2510952237917026,1,0.2510952237917026,,,,,,,,,,,,,,0.2510952237917026,,,,,,,,,,,,,
2021-10-13,https://www.investing.com/analysis/5-solid-retail-stocks-to-buy-ahead-of-the-holiday-season-200604898,-0.24281523525167892,-0.004840880632400513,1.4411896224086849,2,1.203064369747111,1.6793148750702587,,,,,,,,,,,,,1.203064369747111,1.6793148750702587,,,,,,,,,,,,
2021-10-13,https://www.zacks.com/commentary/1809953/top-ranked-income-stocks-to-buy-for-october-13th,-0.628696233468089,-0.9933117032051086,0.6349000975313591,2,0.9965111501864234,0.27328904487629474,,,,,,,,,,,,,0.9965111501864234,0.27328904487629474,,,,,,,,,,,,
2021-10-13,https://www.zacks.com/stock/news/1809932/should-spdr-portfolio-sp-600-small-cap-etf-spsm-be-on-your-investing-radar,-0.1971637956578995,-0.7599793374538422,0.2552960358951179,2,0.24209799318251954,0.2684940786077163,,,,,,,,,,,,,0.24209799318251954,0.2684940786077163,,,,,,,,,,,,
2021-10-14,https://www.marketwatch.com/story/activist-investor-jana-takes-stake-in-macys-urges-spinning-off-e-commerce-unit-11634245160,-0.8543452129131854,-0.9890506565570831,0.8586247588135585,2,0.27152834589102903,1.4457211717360878,,,,,,,,,,,,,0.27152834589102903,1.4457211717360878,,,,,,,,,,,,
2021-10-14,https://www.zacks.com/stock/news/1810462/the-zacks-analyst-blog-highlights-walmart-macys-buckle-best-buy-and-the-gap,0.7023897576319417,0.3235274354616801,0.8954721584428911,3,1.1646152334096143,1.2502774213496175,0.2715238205694415,,,,,,,,,,,,1.1646152334096143,1.2502774213496175,0.2715238205694415,,,,,,,,,,,
2021-10-14,https://www.zacks.com/commentary/1810696/top-ranked-growth-stocks-to-buy-for-october-14th,-0.9324275576913024,-0.9843159317970276,0.9472848376933262,1,0.9472848376933262,,,,,,,,,,,,,,0.9472848376933262,,,,,,,,,,,,,
2021-10-15,https://www.benzinga.com/news/21/10/23399766/macys-stock-gets-boost-from-jana-partners-what-to-know,-2.007020344760264,-0.9973771572113037,2.0122982868105312,1,2.0122982868105312,,,,,,,,,,,,,,2.0122982868105312,,,,,,,,,,,,,
2021-10-16,https://www.marketwatch.com/story/70-of-gen-z-shoppers-plan-to-do-their-holiday-shopping-in-stores-heres-how-the-modern-brick-and-mortar-experience-is-changing-11634228000,-2.124659459703241,-0.6442189812660217,3.2980392094747844,1,3.2980392094747844,,,,,,,,,,,,,,3.2980392094747844,,,,,,,,,,,,,
2021-10-17,https://www.marketwatch.com/story/saks-e-commerce-unit-looks-to-go-public-at-valuation-near-6-billion-11634513281,-0.6003728993418801,-0.9936667084693909,0.6041994707326699,1,0.6041994707326699,,,,,,,,,,,,,,0.6041994707326699,,,,,,,,,,,,,
2021-10-18,https://www.benzinga.com/news/21/10/23426381/amazon-plans-to-hire-150-000-seasonal-us-workers-for-holiday-shopping-season,-0.5454642673034753,-0.6373140811920166,0.855879829743056,1,0.855879829743056,,,,,,,,,,,,,,0.855879829743056,,,,,,,,,,,,,
2021-10-18,https://www.zacks.com/stock/news/1811730/is-macys-m-outperforming-other-retail-wholesale-stocks-this-year,-3.614018860985107,-0.7268036007881165,4.972483428901853,1,4.972483428901853,,,,,,,,,,,,,,4.972483428901853,,,,,,,,,,,,,
2021-10-18,https://www.fool.com/investing/2021/10/18/why-macys-stock-soared-today/,-1.4646381769941565,-0.949449896812439,1.608521339059477,2,0.3399581786965026,2.8770844994224514,,,,,,,,,,,,,0.3399581786965026,2.8770844994224514,,,,,,,,,,,,
2021-10-18,https://www.zacks.com/stock/news/1811554/does-the-september-retail-uptick-hint-at-smooth-holiday-sales,0.15450765036608818,-0.04441455006599426,0.45418567982787295,2,0.6372884051944345,0.27108295446131137,,,,,,,,,,,,,0.6372884051944345,0.27108295446131137,,,,,,,,,,,,
2021-10-18,https://www.zacks.com/stock/news/1811530/are-you-a-value-investor-this-1-stock-could-be-the-perfect-pick,-2.5834041828671945,-0.9658414125442505,2.674770567211348,1,2.674770567211348,,,,,,,,,,,,,,2.674770567211348,,,,,,,,,,,,,
2021-10-18,https://www.zacks.com/stock/news/1811432/5-solid-stocks-to-buy-as-retail-sector-continues-to-expand,0.5810250433534795,-0.11465039849281311,1.067111120502708,2,1.862921291520148,0.27130094948526806,,,,,,,,,,,,,1.862921291520148,0.27130094948526806,,,,,,,,,,,,
2021-10-18,https://www.zacks.com/stock/news/1811525/walmart-wmt-unveils-comeback-of-black-friday-deals-for-days,0.5168535083666886,-0.00986403226852417,0.8030637168817074,2,1.3337312288176761,0.2723962049457388,,,,,,,,,,,,,1.3337312288176761,0.2723962049457388,,,,,,,,,,,,
2021-10-18,https://www.benzinga.com/trading-ideas/long-ideas/21/10/23428020/macys-stock-flies-out-of-a-pattern-heres-why,-0.4906329583338258,-0.33993611733118695,0.6721983979229608,3,1.425749173420337,0.3179994890854223,0.27284653126312314,,,,,,,,,,,,1.425749173420337,0.3179994890854223,0.27284653126312314,,,,,,,,,,,
2021-10-19,https://www.zacks.com/stock/news/1812222/the-zacks-analyst-blog-highlights-walmart-kohls-dicks-sporting-goods-kroger-and-macys,0.4076244310048513,-0.24629886945088705,1.01486364855746,3,2.0645431434501464,0.7089603298622777,0.2710874723599558,,,,,,,,,,,,2.0645431434501464,0.7089603298622777,0.2710874723599558,,,,,,,,,,,
2021-10-19,https://www.zacks.com/stock/news/1812382/dillards-dds-soars-to-52-week-high-time-to-cash-out,-0.021911099307028475,-0.03478994965553284,0.2590096984593112,2,0.24562319197288363,0.2723962049457388,,,,,,,,,,,,,0.24562319197288363,0.2723962049457388,,,,,,,,,,,,
2021-10-19,https://www.marketwatch.com/story/macys-is-bringing-back-santa-for-in-person-visits-but-only-with-a-reservation-11634571625,-0.9056735770483391,-0.9928069114685059,0.9108473355808668,2,0.31784969461861484,1.5038449765431188,,,,,,,,,,,,,0.31784969461861484,1.5038449765431188,,,,,,,,,,,,
2021-10-19,https://www.zacks.com/stock/news/1812220/the-zacks-analyst-blog-highlights-walmart-the-gap-best-buy-target-and-macys,0.019742382667901865,-0.2590690453847249,0.8675773677281354,3,1.1248468328960302,1.2065797992713345,0.2713054710170417,,,,,,,,,,,,1.1248468328960302,1.2065797992713345,0.2713054710170417,,,,,,,,,,,
2021-10-20,https://www.zacks.com/stock/news/1813769/macys-m-stock-sinks-as-market-gains-what-you-should-know,2.4690276505893984,0.8617354035377502,2.8651807044866726,1,2.8651807044866726,,,,,,,,,,,,,,2.8651807044866726,,,,,,,,,,,,,
2021-10-21,https://www.fool.com/investing/2021/10/21/why-macys-stock-was-gaining-this-week/,-1.3404224509649443,-0.9968394041061401,1.3439931338950202,2,0.8982925912091386,1.789693676580902,,,,,,,,,,,,,0.8982925912091386,1.789693676580902,,,,,,,,,,,,
2021-10-21,https://www.fool.com/investing/2021/10/21/how-target-crushed-the-market-over-the-last-five-y/,2.299484283201474,0.996541440486908,2.3074647874933842,1,2.3074647874933842,,,,,,,,,,,,,,2.3074647874933842,,,,,,,,,,,,,
2021-10-28,https://www.zacks.com/stock/news/1818339/should-vanguard-sp-smallcap-600-value-etf-viov-be-on-your-investing-radar,-0.5508185946947388,-0.9929624199867249,0.5547224986642524,1,0.5547224986642524,,,,,,,,,,,,,,0.5547224986642524,,,,,,,,,,,,,
2021-10-28,https://www.fool.com/investing/2021/10/28/3-stocks-that-could-struggle-amidst-the-global-lab/,-0.4931535992664755,-0.9741726815700531,0.50270207075259,2,0.3288031583157664,0.6766009831894135,,,,,,,,,,,,,0.3288031583157664,0.6766009831894135,,,,,,,,,,,,
2021-10-29,https://www.zacks.com/stock/news/1820263/3-great-stocks-to-buy-at-big-discounts-in-november,-0.730576917343608,-0.9923910200595856,0.7381958938309093,2,1.2121043389383512,0.2642874487234675,,,,,,,,,,,,,1.2121043389383512,0.2642874487234675,,,,,,,,,,,,
2021-10-30,https://www.marketwatch.com/story/how-the-biggest-companies-in-america-are-helping-the-smallest-ones-get-onto-their-shelves-11635173943,0.7032711999809804,0.9867218732833862,0.7127349854329227,1,0.7127349854329227,,,,,,,,,,,,,,0.7127349854329227,,,,,,,,,,,,,
2021-11-01,https://www.zacks.com/stock/news/1820672/holiday-retail-sales-to-hit-record-high-6-stocks-to-buy,-0.6123672857388811,-0.8986154198646545,0.732673314271036,2,1.1970660593282505,0.2682805692138216,,,,,,,,,,,,,1.1970660593282505,0.2682805692138216,,,,,,,,,,,,
2021-11-01,https://www.zacks.com/commentary/1820800/best-growth-stocks-to-buy-for-november-1st,-0.6823893261762912,-0.981691300868988,0.695115995804632,1,0.695115995804632,,,,,,,,,,,,,,0.695115995804632,,,,,,,,,,,,,
2021-11-02,https://www.investing.com/analysis/the-zacks-analyst-blog-highlights-boot-barn-levi-strauss-best-buy-macys-and-tillys-200607087,0.16525024117222364,0.2557462851206462,1.3885044936471147,3,1.1687314015089596,1.3074426677243154,1.6893394117080696,,,,,,,,,,,,1.1687314015089596,1.3074426677243154,1.6893394117080696,,,,,,,,,,,
2021-11-03,https://www.zacks.com/stock/news/1822806/is-macys-m-stock-outpacing-its-retail-wholesale-peers-this-year,3.8631143374433408,0.7822023034095764,4.938766250884509,1,4.938766250884509,,,,,,,,,,,,,,4.938766250884509,,,,,,,,,,,,,
2021-11-04,https://www.zacks.com/commentary/1823498/best-growth-stocks-to-buy-for-november-4th,-0.9758355966061775,-0.9828991889953613,0.9928135128523163,1,0.9928135128523163,,,,,,,,,,,,,,0.9928135128523163,,,,,,,,,,,,,
2021-11-04,https://www.zacks.com/stock/news/1823469/macys-m-soars-to-52-week-high-time-to-cash-out,0.4290179941286585,-0.20620813965797424,1.2833598594416458,2,2.224343128658916,0.3423765902243753,,,,,,,,,,,,,2.224343128658916,0.3423765902243753,,,,,,,,,,,,
2021-11-04,https://www.zacks.com/stock/news/1823720/5-red-hot-value-stocks-to-buy-now,-0.5773054667491417,-0.9871730208396912,0.5840716692051513,2,0.9130483007554879,0.2550950376548147,,,,,,,,,,,,,0.9130483007554879,0.2550950376548147,,,,,,,,,,,,
2021-11-04,https://www.zacks.com/stock/news/1823848/macys-m-outpaces-stock-market-gains-what-you-should-know,1.7432237545730118,0.6106809377670288,2.8545573420830133,1,2.8545573420830133,,,,,,,,,,,,,,2.8545573420830133,,,,,,,,,,,,,
2021-11-05,https://www.zacks.com/stock/news/1824547/mercadolibre-meli-q3-earnings-revenues-beat-rise-yy,-0.46147524010925667,-0.9903876185417175,0.4676339408720809,2,0.6622034422089033,0.27306443953525855,,,,,,,,,,,,,0.6622034422089033,0.27306443953525855,,,,,,,,,,,,
2021-11-05,https://www.zacks.com/stock/news/1824123/zacks-value-trader-highlights-macys-keycorp-comerica-ford-and-diamondback-energy,-0.9937933742191648,-0.9876267313957214,1.0062439002787305,1,1.0062439002787305,,,,,,,,,,,,,,1.0062439002787305,,,,,,,,,,,,,
2021-11-05,https://www.zacks.com/stock/news/1824614/wayfair-w-q3-earnings-surpass-estimates-revenues-down-yy,-0.4564425172522453,-0.996884286403656,0.4582457183484908,2,0.6432058078483471,0.2732856288486345,,,,,,,,,,,,,0.6432058078483471,0.2732856288486345,,,,,,,,,,,,
2021-11-05,https://www.zacks.com/stock/news/1824456/4-high-earnings-yield-picks-to-lift-your-portfolio-performance,-1.1533567331234342,-0.9542149901390076,1.20869693417352,1,1.20869693417352,,,,,,,,,,,,,,1.20869693417352,,,,,,,,,,,,,
2021-11-05,https://www.zacks.com/commentary/1824669/should-macys-spin-off-its-e-commerce-business,1.3417106496371656,0.27678002913792926,1.6622738275349367,3,2.6675790593523203,2.044841334992001,0.2744010882604888,,,,,,,,,,,,2.6675790593523203,2.044841334992001,0.2744010882604888,,,,,,,,,,,
2021-11-06,https://www.fool.com/investing/2021/11/06/3-retailers-poised-to-sleigh-the-holiday-season/,1.234769056368378,0.9832952916622162,1.2545329084951082,2,0.8690777936784528,1.6399880233117634,,,,,,,,,,,,,0.8690777936784528,1.6399880233117634,,,,,,,,,,,,
2021-11-08,https://www.zacks.com/stock/news/1824845/zackscom-featured-highlights-include-macys-meritage-homes-apa-corp-and-olin,0.23593560868747795,0.9221417307853699,0.2558561236422261,1,0.2558561236422261,,,,,,,,,,,,,,0.2558561236422261,,,,,,,,,,,,,
2021-11-08,https://www.zacks.com/stock/news/1824942/the-zacks-analyst-blog-highlights-macys-and-amazon,-1.5219324275451767,-0.9797323147455851,1.5739661584155027,3,3.184141269231321,1.2633556604233616,0.2744015455918248,,,,,,,,,,,,3.184141269231321,1.2633556604233616,0.2744015455918248,,,,,,,,,,,
2021-11-09,https://www.zacks.com/stock/news/1825973/tripadvisor-trip-q3-earnings-miss-mark-revenues-rise-yy,-0.453821449152195,-0.9952445924282074,0.45663997251360233,2,0.6402155054919461,0.27306443953525855,,,,,,,,,,,,,0.6402155054919461,0.27306443953525855,,,,,,,,,,,,
2021-11-09,https://www.marketwatch.com/story/this-wild-stock-market-rumpus-could-send-the-s-p-500-well-over-5-000-but-set-your-alarms-for-mid-2022-11636459874,-2.07213491504232,-0.9987117052078247,2.0748078792278934,1,2.0748078792278934,,,,,,,,,,,,,,2.0748078792278934,,,,,,,,,,,,,
2021-11-10,https://www.zacks.com/stock/news/1826434/buy-these-top-retail-stocks-before-earnings-for-the-holidays-and-beyond,-0.5488731788125335,-0.7777088582515717,0.8786281431099716,2,1.488119635509412,0.26913665071053117,,,,,,,,,,,,,1.488119635509412,0.26913665071053117,,,,,,,,,,,,
2021-11-10,https://www.zacks.com/stock/news/1826785/macys-m-boosts-staffs-morale-via-wage-raise-benefits,0.113060577002133,0.3202390869458516,0.298274960733336,3,0.3245840592913643,0.2987124770176145,0.27152834589102903,,,,,,,,,,,,0.3245840592913643,0.2987124770176145,0.27152834589102903,,,,,,,,,,,
2021-11-11,https://www.benzinga.com/markets/cryptocurrency/21/11/24049555/should-macys-sell-teslas-and-get-into-cryptocurrency-this-activist-investor-says-so,-0.9847122449203869,-0.8574188053607941,1.1536857059089691,2,1.186177327491857,1.1211940843260813,,,,,,,,,,,,,1.186177327491857,1.1211940843260813,,,,,,,,,,,,
2021-11-11,https://www.zacks.com/stock/news/1827117/rite-aid-rad-stock-dips-13-ytd-can-it-get-back-on-track,0.5460005869170347,-0.0015291571617126465,1.4329604669504306,2,1.9829525364392855,0.8829683974615757,,,,,,,,,,,,,1.9829525364392855,0.8829683974615757,,,,,,,,,,,,
2021-11-12,https://www.zacks.com/stock/news/1827482/looking-for-a-fast-paced-momentum-stock-at-a-bargain-consider-macys-m,1.6435818464106535,0.9928269982337952,1.6554564383669348,1,1.6554564383669348,,,,,,,,,,,,,,1.6554564383669348,,,,,,,,,,,,,
2021-11-12,https://www.zacks.com/stock/news/1827417/heres-how-target-tgt-is-placed-ahead-of-q3-earnings,-0.2872415434191466,-0.9965478479862213,0.28827379658282093,2,0.30436661007448357,0.2721809830911583,,,,,,,,,,,,,0.30436661007448357,0.2721809830911583,,,,,,,,,,,,
2021-11-12,https://www.zacks.com/stock/news/1827355/factors-to-note-as-walmart-wmt-is-queued-up-for-q3-earnings,-0.2855406107497791,-0.9897091090679169,0.2886587606522063,2,0.30491677657325084,0.2724007447311617,,,,,,,,,,,,,0.30491677657325084,0.2724007447311617,,,,,,,,,,,,
2021-11-12,https://www.marketwatch.com/story/walmart-preview-with-inflation-a-top-concern-walmart-is-closing-the-price-gap-with-amazon-11636652456,1.6365388063115434,0.8603213429450989,1.9022413191671552,1,1.9022413191671552,,,,,,,,,,,,,,1.9022413191671552,,,,,,,,,,,,,
2021-11-12,https://www.benzinga.com/news/earnings/21/11/24063293/fridays-market-minute-retail-earnings-highlight-next-week,1.9832631391083566,0.9626755118370056,2.0601574619092946,1,2.0601574619092946,,,,,,,,,,,,,,2.0601574619092946,,,,,,,,,,,,,
2021-11-12,https://www.zacks.com/stock/news/1827345/why-earnings-season-could-be-great-for-macys-m,0.353626173590157,0.9961632490158081,0.35498817481927136,1,0.35498817481927136,,,,,,,,,,,,,,0.35498817481927136,,,,,,,,,,,,,
2021-11-12,https://www.zacks.com/stock/news/1827394/ross-stores-rost-to-report-q3-earnings-is-a-beat-likely,-0.6218859484415422,-0.9921797513961792,0.6246758973816604,2,0.3029998407270139,0.9463519540363068,,,,,,,,,,,,,0.3029998407270139,0.9463519540363068,,,,,,,,,,,,
2021-11-12,https://www.zacks.com/stock/news/1827340/nvidia-nvda-to-report-q3-earnings-whats-in-the-offing,-0.3005521431030636,-0.9789414405822754,0.30771472372415865,2,0.3432448353499646,0.2721846120983527,,,,,,,,,,,,,0.3432448353499646,0.2721846120983527,,,,,,,,,,,,
2021-11-13,https://www.fool.com/investing/2021/11/13/could-macys-really-become-a-meme-stock/,-1.068868711120134,-0.9946316033601761,1.077246168961334,4,0.27307029089520796,1.0063528363576766,1.2474948226959452,1.7820667258965062,,,,,,,,,,,0.27307029089520796,1.0063528363576766,1.2474948226959452,1.7820667258965062,,,,,,,,,,
2021-11-14,https://www.investing.com/analysis/1-stock-to-buy-1-to-dump-when-markets-open-alibaba-tyson-foods-200608283,-2.5820335546516593,-0.994103729724884,2.5973482217657824,1,2.5973482217657824,,,,,,,,,,,,,,2.5973482217657824,,,,,,,,,,,,,
2021-11-15,https://www.zacks.com/stock/news/1828017/should-ishares-russell-2000-value-etf-iwn-be-on-your-investing-radar,-0.2674927943287375,-0.9971134662628174,0.2682671565266297,1,0.2682671565266297,,,,,,,,,,,,,,0.2682671565266297,,,,,,,,,,,,,
2021-11-15,https://www.zacks.com/commentary/1827401/new-strong-buy-stocks-for-november-15th,-0.5994279793863941,-0.9963819980621338,0.6022394663073831,2,0.9338227996328661,0.2706561329819003,,,,,,,,,,,,,0.9338227996328661,0.2706561329819003,,,,,,,,,,,,
2021-11-15,https://www.zacks.com/stock/news/1828058/flat-as-a-pancake-markets-temper-exuberance,-0.2511986651013002,-0.9768617153167725,0.25691796698296304,2,0.24598136644763013,0.26785456751829595,,,,,,,,,,,,,0.24598136644763013,0.26785456751829595,,,,,,,,,,,,
2021-11-15,https://www.zacks.com/stock/news/1828018/should-spdrsp6-sc-sly-be-on-your-investing-radar,-0.40969330618729227,-0.9898857772350311,0.41511952238710714,2,0.5615311166617274,0.26870792811248695,,,,,,,,,,,,,0.5615311166617274,0.26870792811248695,,,,,,,,,,,,
2021-11-15,https://www.zacks.com/stock/news/1827706/sonos-sono-to-report-q4-earnings-is-a-beat-in-the-offing,-0.28493799690955635,-0.9897639751434326,0.2880269232072911,2,0.30409227066008426,0.271961575754498,,,,,,,,,,,,,0.30409227066008426,0.271961575754498,,,,,,,,,,,,
2021-11-15,https://www.zacks.com/stock/news/1827883/kohls-kss-queued-for-q3-earnings-things-to-keep-in-mind,-0.2875719667728084,-0.9929096698760986,0.2897201185501016,2,0.3076977152351526,0.27174252186505055,,,,,,,,,,,,,0.3076977152351526,0.27174252186505055,,,,,,,,,,,,
2021-11-15,https://www.zacks.com/stock/news/1827828/how-will-williams-sonoma-wsm-fare-this-earnings-season,-0.2871210171096533,-0.9966826438903809,0.28810958504028694,2,0.3038184253494121,0.2724007447311617,,,,,,,,,,,,,0.3038184253494121,0.2724007447311617,,,,,,,,,,,,
2021-11-15,https://www.zacks.com/commentary/1827803/best-growth-stocks-to-buy-for-november-15th,-0.6614841057004035,-0.8345553278923035,0.8309805323259376,2,1.026822880520303,0.6351381841315722,,,,,,,,,,,,,1.026822880520303,0.6351381841315722,,,,,,,,,,,,
2021-11-15,https://www.zacks.com/stock/news/1827873/the-childrens-place-plce-to-post-q3-earnings-what-to-expect,-0.25594227453191865,-0.8890775442123413,0.2900797923374878,2,0.30797860158381735,0.2721809830911583,,,,,,,,,,,,,0.30797860158381735,0.2721809830911583,,,,,,,,,,,,
2021-11-15,https://www.zacks.com/stock/news/1828046/5-must-see-retail-earnings-charts,-0.5129165344257897,-0.34029831488927204,2.114074547608716,3,2.4260798560299026,3.011294307594726,0.9048494792015203,,,,,,,,,,,,2.4260798560299026,3.011294307594726,0.9048494792015203,,,,,,,,,,,
2021-11-15,https://www.benzinga.com/news/earnings/21/11/24101082/mondays-market-minute-earnings-roll-on-as-greenback-strengthens,-0.32860148073273954,-0.5628561973571777,0.5838107180406781,1,0.5838107180406781,,,,,,,,,,,,,,0.5838107180406781,,,,,,,,,,,,,
2021-11-15,https://www.zacks.com/stock/news/1828011/heres-how-foot-locker-fl-is-poised-ahead-of-q3-earnings,-0.23883584334256466,-0.8355253338813782,0.28917146801911464,2,0.30616195294707094,0.2721809830911583,,,,,,,,,,,,,0.30616195294707094,0.2721809830911583,,,,,,,,,,,,
2021-11-15,https://www.zacks.com/stock/news/1827776/factors-to-note-before-the-tjx-companies-tjx-q3-earnings,-0.26173951193060163,-0.9948577880859375,0.2630597025052704,2,0.25394295804229455,0.2721764469682462,,,,,,,,,,,,,0.25394295804229455,0.2721764469682462,,,,,,,,,,,,
2021-11-15,https://www.zacks.com/stock/news/1827909/palo-alto-panw-to-report-q1-earnings-whats-in-the-cards,-0.2849185774450144,-0.9328761994838715,0.30793325858395026,2,0.3436819050695479,0.2721846120983527,,,,,,,,,,,,,0.3436819050695479,0.2721846120983527,,,,,,,,,,,,
2021-11-15,https://www.zacks.com/stock/news/1828041/whats-in-store-for-applied-materials-amat-in-q4-earnings,-0.28827586625145624,-0.9951011836528778,0.2897394917312803,2,0.30685812192915457,0.272620861533406,,,,,,,,,,,,,0.30685812192915457,0.272620861533406,,,,,,,,,,,,
2021-11-15,https://www.zacks.com/commentary/1827757/best-value-stocks-to-buy-for-november-15th,-0.47895787035759146,-0.9940245449542999,0.4827320208656972,2,0.6939341873663156,0.2715298543650788,,,,,,,,,,,,,0.6939341873663156,0.2715298543650788,,,,,,,,,,,,
2021-11-16,https://www.zacks.com/stock/news/1828438/bjs-wholesale-club-bj-to-post-q3-earnings-what-to-expect,-0.28750354426814295,-0.9941748380661011,0.28926077819271073,2,0.30699773581597994,0.2715238205694415,,,,,,,,,,,,,0.30699773581597994,0.2715238205694415,,,,,,,,,,,,
2021-11-16,https://www.benzinga.com/news/earnings/21/11/24111150/5-retail-stocks-with-q3-earnings-to-watch-this-week,-1.6331456373918878,-0.9746454954147339,1.6756304164694744,1,1.6756304164694744,,,,,,,,,,,,,,1.6756304164694744,,,,,,,,,,,,,
2021-11-16,https://www.zacks.com/stock/news/1828488/heres-how-buckle-bke-is-poised-just-ahead-of-q3-earnings,-0.2462261429604889,-0.8576768636703491,0.28997910441870794,2,0.3075574641062542,0.2724007447311617,,,,,,,,,,,,,0.3075574641062542,0.2724007447311617,,,,,,,,,,,,
2021-11-16,https://www.zacks.com/stock/news/1828195/intuit-intu-readies-to-report-q1-earnings-whats-in-store,-0.3026393227921438,-0.9849639236927032,0.3077373476195622,2,0.3430703185706716,0.2724043766684528,,,,,,,,,,,,,0.3430703185706716,0.2724043766684528,,,,,,,,,,,,
2021-11-16,https://www.zacks.com/stock/news/1828142/should-vanguard-sp-smallcap-600-etf-vioo-be-on-your-investing-radar,-0.41086101011528176,-0.9913324415683746,0.4154291129877235,2,0.5619361074339935,0.26892211854145354,,,,,,,,,,,,,0.5619361074339935,0.26892211854145354,,,,,,,,,,,,
2021-11-16,https://www.fool.com/real-estate/2021/11/16/why-im-not-investing-in-malls/,-2.482661098917802,-0.9985598921775818,2.4862415548293333,1,2.4862415548293333,,,,,,,,,,,,,,2.4862415548293333,,,,,,,,,,,,,
2021-11-16,https://www.zacks.com/stock/news/1828385/jdcom-jd-to-report-q3-earnings-whats-in-the-offing,-0.28339374256099736,-0.9979956746101379,0.2839646797902109,2,0.2953084980470158,0.272620861533406,,,,,,,,,,,,,0.2953084980470158,0.272620861533406,,,,,,,,,,,,
2021-11-16,https://www.zacks.com/stock/news/1828489/will-beacon-becn-q4-earnings-benefit-from-cost-synergies,-0.2874166982464732,-0.9972357451915741,0.2882327706215837,2,0.30450396548866937,0.271961575754498,,,,,,,,,,,,,0.30450396548866937,0.271961575754498,,,,,,,,,,,,
2021-11-16,https://www.zacks.com/stock/news/1828387/alibaba-baba-to-report-q2-earnings-whats-in-the-cards,-0.572973673942731,-0.9938502311706543,0.577815078181879,2,0.8834491732725999,0.2721809830911583,,,,,,,,,,,,,0.8834491732725999,0.2721809830911583,,,,,,,,,,,,
2021-11-16,https://www.zacks.com/stock/news/1828331/macys-m-to-post-q3-earnings-what-awaits-the-stock,-0.09506065495030132,-0.34029767910639447,0.3130421269248577,3,0.3308456847319857,0.3529827002853105,0.2552979957572771,,,,,,,,,,,,0.3308456847319857,0.3529827002853105,0.2552979957572771,,,,,,,,,,,
2021-11-17,https://www.zacks.com/stock/news/1828795/heres-how-investors-can-find-strong-retail-and-wholesale-stocks-with-the-zacks-esp-screener,0.3260840414672732,0.9940061569213867,0.3280503236289937,1,0.3280503236289937,,,,,,,,,,,,,,0.3280503236289937,,,,,,,,,,,,,
2021-11-17,https://www.zacks.com/stock/news/1828875/factors-to-note-before-the-jm-smuckers-sjm-q2-earnings,-0.28815179454156614,-0.9947885572910309,0.2897201185501016,2,0.3076977152351526,0.27174252186505055,,,,,,,,,,,,,0.3076977152351526,0.27174252186505055,,,,,,,,,,,,
2021-11-17,https://www.zacks.com/stock/news/1829115/how-urban-outfitters-urbn-is-poised-ahead-of-q3-earnings,-0.6022082710111862,-0.9233387112617493,0.6260488598777812,2,0.30574576571925566,0.9463519540363068,,,,,,,,,,,,,0.30574576571925566,0.9463519540363068,,,,,,,,,,,,
2021-11-17,https://www.zacks.com/stock/news/1828885/whats-in-the-offing-for-titan-machinerys-titn-q3-earnings,-0.28640944232741383,-0.9962638914585114,0.2875224108542106,2,0.30286383861726285,0.2721809830911583,,,,,,,,,,,,,0.30286383861726285,0.2721809830911583,,,,,,,,,,,,
2021-11-17,https://www.zacks.com/stock/news/1828712/5-stocks-to-buy-on-impressive-october-retail-sales-report,0.5027747622184362,0.22396604220072427,0.8037378275360202,3,0.7663256406492707,1.3742308068048161,0.270657035153974,,,,,,,,,,,,0.7663256406492707,1.3742308068048161,0.270657035153974,,,,,,,,,,,
2021-11-17,https://www.zacks.com/stock/news/1828972/dillards-and-carrols-restaurant-have-been-highlighted-as-zacks-bull-and-bear-of-the-day,0.045952746455337964,-0.5158844888210297,0.5428606734117398,4,1.2305929574744523,0.3407346212302407,0.3288036149817456,0.2713114999605206,,,,,,,,,,,1.2305929574744523,0.3407346212302407,0.3288036149817456,0.2713114999605206,,,,,,,,,,
2021-11-18,https://invezz.com/news/2021/11/18/macys-blows-past-estimates-in-q3-i-think-the-stock-goes-higher/,-2.683834922731034,-0.9968106150627136,2.6924220931999026,1,2.6924220931999026,,,,,,,,,,,,,,2.6924220931999026,,,,,,,,,,,,,
2021-11-18,https://www.benzinga.com/markets/options/21/11/24180600/macys-stock-surges-20-and-option-traders-are-aggressively-bullish,0.6054515451974537,0.9872962236404419,0.6132420348626288,1,0.6132420348626288,,,,,,,,,,,,,,0.6132420348626288,,,,,,,,,,,,,
2021-11-18,https://www.benzinga.com/general/education/21/11/24177043/is-macys-stock-overvalued-or-undervalued,-0.5292621630840756,-0.9894189536571503,0.5365734474520006,2,0.36312568292594566,0.7100212119780556,,,,,,,,,,,,,0.36312568292594566,0.7100212119780556,,,,,,,,,,,,
2021-11-18,https://www.investing.com/analysis/macys-kohls-victorias-secret-keep-attention-on-retailers-200608811,-0.6188289081902575,-0.9957574009895325,0.6214655372636921,1,0.6214655372636921,,,,,,,,,,,,,,0.6214655372636921,,,,,,,,,,,,,
2021-11-18,https://www.zacks.com/stock/news/1829592/why-macys-skyrocketed-over-20-on-thursday,2.2564000044038086,0.8494870066642761,2.656191309228059,1,2.656191309228059,,,,,,,,,,,,,,2.656191309228059,,,,,,,,,,,,,
2021-11-18,https://www.benzinga.com/news/earnings/21/11/24171786/inflation-semiconductors-labor-themes-continue-through-earnings-season,-0.699685116909169,-0.9938161373138428,0.7040387961502899,1,0.7040387961502899,,,,,,,,,,,,,,0.7040387961502899,,,,,,,,,,,,,
2021-11-18,https://invezz.com/news/2021/11/18/should-you-buy-macys-or-kohls-shares-after-solid-q3-results/,0.1522199749519701,-0.4880841076374054,1.151549365438147,4,0.2764237915411538,1.1153051373152103,2.614128694735523,0.6003398381607008,,,,,,,,,,,0.2764237915411538,1.1153051373152103,2.614128694735523,0.6003398381607008,,,,,,,,,,
2021-11-18,https://www.benzinga.com/news/earnings/21/11/24178233/why-macys-stock-continues-to-rip-out-of-a-pattern-thursday,0.4581918764585251,-0.07454061508178711,0.8429335154594475,2,1.417366240127018,0.26850079079187694,,,,,,,,,,,,,1.417366240127018,0.26850079079187694,,,,,,,,,,,,
2021-11-18,https://www.benzinga.com/news/earnings/21/11/24171963/thursdays-market-minute-retailers-on-a-roll,1.818022456752784,0.9926122426986694,1.8315535297147116,1,1.8315535297147116,,,,,,,,,,,,,,1.8315535297147116,,,,,,,,,,,,,
2021-11-18,https://www.marketwatch.com/story/u-s-stock-futures-point-to-fresh-wall-street-records-after-nvidias-strong-report-11637233307,-0.23979311691776511,-0.9933723211288452,0.2413929921514924,1,0.2413929921514924,,,,,,,,,,,,,,0.2413929921514924,,,,,,,,,,,,,
2021-11-18,https://www.zacks.com/stock/news/1829453/initial-claims-hit-new-post-pandemic-low,-0.5655449878857162,-0.034453630447387695,1.4036727976967223,2,0.8612363803085049,1.9461092150849395,,,,,,,,,,,,,0.8612363803085049,1.9461092150849395,,,,,,,,,,,,
2021-11-18,https://www.fool.com/investing/2021/11/18/heres-why-macys-stock-soared-today/,0.9003335791506468,0.9913074970245361,0.904720218440088,2,1.448204233040276,0.36123620383989985,,,,,,,,,,,,,1.448204233040276,0.36123620383989985,,,,,,,,,,,,
2021-11-18,https://www.benzinga.com/news/earnings/21/11/24164847/a-peek-into-the-markets-us-stock-futures-rise-ahead-of-earnings-jobless-claims-data,-1.1097098776003353,-0.9965246319770813,1.113579977846305,1,1.113579977846305,,,,,,,,,,,,,,1.113579977846305,,,,,,,,,,,,,
2021-11-18,https://www.benzinga.com/news/earnings/21/11/24163451/5-stocks-to-watch-for-november-18-2021,-0.31162442823502434,-0.9979994893074036,0.31224908587006084,1,0.31224908587006084,,,,,,,,,,,,,,0.31224908587006084,,,,,,,,,,,,,
2021-11-18,https://www.fool.com/earnings/call-transcripts/2021/11/18/macys-inc-m-q3-2021-earnings-call-transcript/,0.4581311893476477,0.21664332917758397,0.9634294295249594,14,0.2761996951342429,1.851346186637886,0.8150242788425244,0.3245879936257148,0.8579520763329878,1.0796940674351336,0.9420345879606402,2.700627692238222,1.2942062594035346,1.0071960332197714,1.0093335002295345,0.24798142056394795,0.2492638984429166,0.8325643232823744,0.2761996951342429,1.851346186637886,0.8150242788425244,0.3245879936257148,0.8579520763329878,1.0796940674351336,0.9420345879606402,2.700627692238222,1.2942062594035346,1.0071960332197714,1.0093335002295345,0.24798142056394795,0.2492638984429166,0.8325643232823744
2021-11-18,https://www.fool.com/investing/2021/11/18/these-2-stocks-are-cashing-in-on-a-golden-opportun/,0.799791168761427,0.9861020296812057,0.8175032020777294,4,0.7932495962209162,1.3842787779427348,0.3582577969720553,0.7342266371752113,,,,,,,,,,,0.7932495962209162,1.3842787779427348,0.3582577969720553,0.7342266371752113,,,,,,,,,,
2021-11-18,https://www.zacks.com/stock/news/1829245/macys-m-tops-q3-earnings-and-revenue-estimates,-0.12654212474790927,-0.0001856088638305664,3.4286113881988536,2,3.556225729164936,3.300997047232771,,,,,,,,,,,,,3.556225729164936,3.300997047232771,,,,,,,,,,,,
2021-11-19,https://www.benzinga.com/analyst-ratings/analyst-color/21/11/24201537/macys-analysts-break-down-q3-earnings-potential-for-new-value-unlocks,-1.655991804975896,-0.9938862919807434,1.6661783328107123,1,1.6661783328107123,,,,,,,,,,,,,,1.6661783328107123,,,,,,,,,,,,,
2021-11-19,https://www.zacks.com/stock/news/1829837/company-news-for-nov-19-2021,-0.2589036606868034,-0.977245420217514,0.2647811518167467,2,0.25782431058403316,0.2717379930494603,,,,,,,,,,,,,0.25782431058403316,0.2717379930494603,,,,,,,,,,,,
2021-11-19,https://www.zacks.com/stock/news/1829874/5-growth-etfs-to-tap-on-an-incredible-sp-500-rally,-0.2418707172823048,-0.8620230555534363,0.28371078415623846,2,0.3039552863252493,0.2634662819872276,,,,,,,,,,,,,0.3039552863252493,0.2634662819872276,,,,,,,,,,,,
2021-11-19,https://www.fool.com/real-estate/2021/11/19/whats-on-tap-for-malls-in-2022/,-3.019886312159451,-0.98841792345047,3.0552727146198686,1,3.0552727146198686,,,,,,,,,,,,,,3.0552727146198686,,,,,,,,,,,,,
2021-11-19,https://www.benzinga.com/markets/cryptocurrency/21/11/24195751/palo-alto-networks-and-intuit-keeping-the-nasdaq-in-the-black,-1.2132417114695557,-0.9947478175163269,1.2196475228251935,1,1.2196475228251935,,,,,,,,,,,,,,1.2196475228251935,,,,,,,,,,,,,
2021-11-19,https://www.investing.com/analysis/rising-covid19-cases-in-europe-drag-dow-30-sp-500-oil-and-yields-200608949,-0.8753635255705137,-0.988436758518219,0.8856039782279899,1,0.8856039782279899,,,,,,,,,,,,,,0.8856039782279899,,,,,,,,,,,,,
2021-11-19,https://www.fool.com/investing/2021/11/19/macys-stock-surges-21-after-another-huge-earnings/,0.16076574367022983,0.003649413585662842,0.9400345670363761,4,0.320114652844129,1.4428236194850426,0.7657282354820785,1.2314717603342542,,,,,,,,,,,0.320114652844129,1.4428236194850426,0.7657282354820785,1.2314717603342542,,,,,,,,,,
2021-11-19,https://www.zacks.com/stock/news/1829942/has-macys-m-outpaced-other-retail-wholesale-stocks-this-year,-4.933845619563427,-0.9833838939666748,5.017212148616527,1,5.017212148616527,,,,,,,,,,,,,,5.017212148616527,,,,,,,,,,,,,
2021-11-19,https://www.zacks.com/stock/news/1829830/macys-m-beats-on-earnings-in-q3-raises-fy21-guidance,0.527120818003337,0.9846041798591614,0.5384450506533164,4,0.64452594032064,0.23147694967099067,0.9700721381157427,0.3077051745058923,,,,,,,,,,,0.64452594032064,0.23147694967099067,0.9700721381157427,0.3077051745058923,,,,,,,,,,
2021-11-19,https://www.zacks.com/stock/news/1829806/dillards-dds-hits-fresh-high-is-there-still-room-to-run,-0.03286732117592796,-0.07892552018165588,0.25863216436952696,2,0.24508788177080773,0.2721764469682462,,,,,,,,,,,,,0.24508788177080773,0.2721764469682462,,,,,,,,,,,,
2021-11-20,https://www.marketwatch.com/story/bitcoin-linked-fund-from-proshares-logs-worst-weekly-etf-performance-as-crypto-prices-slump-11637258722,-0.7043419174980384,-0.9130542874336243,0.7714129676536254,1,0.7714129676536254,,,,,,,,,,,,,,0.7714129676536254,,,,,,,,,,,,,
2021-11-22,https://www.marketwatch.com/story/u-s-stocks-futures-rise-as-historical-bullish-pre-thanksgiving-week-trading-begins-11637584001,-0.3395180511161387,-0.9960450530052185,0.34086615870613624,1,0.34086615870613624,,,,,,,,,,,,,,0.34086615870613624,,,,,,,,,,,,,
2021-11-22,https://www.fool.com/investing/2021/11/22/should-you-buy-macys-stock-after-q3-earnings/,0.05067925466131851,0.05917482078075409,0.7531471190180687,4,0.32179323585671715,0.3184521470844583,1.1237965693433243,1.2485465237877753,,,,,,,,,,,0.32179323585671715,0.3184521470844583,1.1237965693433243,1.2485465237877753,,,,,,,,,,
2021-11-22,https://www.fool.com/investing/2021/11/22/3-hot-stocks-billionaires-cant-stop-buying/,-0.3223893787099732,-0.18579208850860596,1.6421092915997602,2,1.620187146641328,1.6640314365581923,,,,,,,,,,,,,1.620187146641328,1.6640314365581923,,,,,,,,,,,,
2021-11-22,https://www.fool.com/investing/2021/11/22/macys-crushes-q3-raises-outlook-for-the-year/,0.9442212928712433,0.9900718132654825,0.9565596757790553,3,1.2604934758132207,0.34956082238725195,1.2596247291366933,,,,,,,,,,,,1.2604934758132207,0.34956082238725195,1.2596247291366933,,,,,,,,,,,
2021-11-23,https://www.benzinga.com/m-a/21/11/24252884/mens-grooming-brand-manscaped-lands-spac-deal-what-investors-should-know,-0.3005897343387364,-0.5314776301383972,0.5655736333822039,1,0.5655736333822039,,,,,,,,,,,,,,0.5655736333822039,,,,,,,,,,,,,
2021-11-23,https://www.zacks.com/stock/news/1831079/etfs-to-gain-from-a-supercharged-consumer,0.6956254979363433,0.9874201416969299,0.7044878553326619,1,0.7044878553326619,,,,,,,,,,,,,,0.7044878553326619,,,,,,,,,,,,,
2021-11-23,https://www.zacks.com/stock/news/1830903/retail-etfs-to-gain-on-q3-earnings-wave,0.5838730056289596,-0.023885875940322876,1.449565018073292,2,2.084817211753347,0.8143128243932368,,,,,,,,,,,,,2.084817211753347,0.8143128243932368,,,,,,,,,,,,
2021-11-23,https://www.marketwatch.com/story/macys-new-marketplace-could-bolster-calls-to-separate-its-e-commerce-business-one-analyst-says-11637609072,-1.0508007264430332,-0.31152526537577313,1.3244866440732521,3,1.1396305261203172,2.4717392713707307,0.3620901347287081,,,,,,,,,,,,1.1396305261203172,2.4717392713707307,0.3620901347287081,,,,,,,,,,,
2021-11-23,https://www.fool.com/investing/2021/11/23/macys-considering-sale-of-ecommerce-business/,0.5876289520818309,0.5885160207748413,0.7291158918006417,5,1.0103444102834167,0.3382551314399928,1.603211249959365,0.3555135358804414,0.3382551314399928,,,,,,,,,,1.0103444102834167,0.3382551314399928,1.603211249959365,0.3555135358804414,0.3382551314399928,,,,,,,,,
2021-11-24,https://www.benzinga.com/analyst-ratings/analyst-color/21/11/24278932/nordstrom-analysts-break-down-q3-earnings-ongoing-market-share-loss,-2.393559658964249,-0.9984400868415833,2.397299237589628,1,2.397299237589628,,,,,,,,,,,,,,2.397299237589628,,,,,,,,,,,,,
2021-11-24,https://www.fool.com/investing/2021/11/24/spinning-off-macys-online-business-huge-mistake/,-0.16196084823827261,0.008222267031669617,1.352557201915166,4,1.2580704412257209,1.0922724428999047,1.758519305981069,1.3013666175539684,,,,,,,,,,,1.2580704412257209,1.0922724428999047,1.758519305981069,1.3013666175539684,,,,,,,,,,
2021-11-24,https://www.investing.com/analysis/sp-500-earnings-retail-sales-and-buyback-activity-paint-a-robust-picture-200609384,-3.066265819251148,-0.9864283204078674,3.1084527439189005,1,3.1084527439189005,,,,,,,,,,,,,,3.1084527439189005,,,,,,,,,,,,,
2021-11-24,https://www.zacks.com/stock/news/1831574/the-best-retail-stocks-to-buy-now,0.12281918027691384,0.004440665245056152,1.2532635782597032,4,2.449179722839985,2.038882001107108,0.25433490952544036,0.27065767956628034,,,,,,,,,,,2.449179722839985,2.038882001107108,0.25433490952544036,0.27065767956628034,,,,,,,,,,
2021-11-26,https://www.marketwatch.com/story/here-are-the-stock-markets-trading-hours-for-thanksgiving-and-black-friday-11637554425,0.27108648828190207,0.9968487620353699,0.271943446795677,1,0.271943446795677,,,,,,,,,,,,,,0.271943446795677,,,,,,,,,,,,,
2021-11-26,https://www.marketwatch.com/story/not-everything-is-a-deal-on-black-friday-what-to-buy-and-what-to-skip-for-2021-11636751750,-0.7347947250472857,-0.9967081248760223,0.7372190918320098,2,0.7322097821411986,0.7422284015228212,,,,,,,,,,,,,0.7322097821411986,0.7422284015228212,,,,,,,,,,,,
2021-11-26,https://www.zacks.com/stock/news/1832114/zacks-market-edge-highlights-lululemon-macys-target-american-eagle-outfitters-and-levi-strauss,1.2420184639307523,0.2785635789235433,1.5105447271165167,3,2.6794452211419735,1.5815312806412962,0.2706576795662804,,,,,,,,,,,,2.6794452211419735,1.5815312806412962,0.2706576795662804,,,,,,,,,,,
2021-11-30,https://www.fool.com/investing/2021/11/30/4-stocks-billionaires-are-buying-hand-over-fist/,0.700040041019634,-0.023329466581344604,1.0433815792795909,2,1.8174048995011456,0.2693582590580361,,,,,,,,,,,,,1.8174048995011456,0.2693582590580361,,,,,,,,,,,,
2021-12-01,https://www.fool.com/earnings/call-transcripts/2021/12/01/g-iii-apparel-group-ltd-giii-q3-2022-earnings-call/,0.7591196215602729,0.9847599864006042,0.7737255194609849,5,1.6443890123430047,0.2522436776587553,0.25744049785908385,0.33106165613030375,1.383492753313777,,,,,,,,,,1.6443890123430047,0.2522436776587553,0.25744049785908385,0.33106165613030375,1.383492753313777,,,,,,,,,
2021-12-01,https://www.ndtv.com/communication/ndtv-convergences-exclusive-10-year-750-crore-deal-with-taboola-2633287,-1.1917622312822134,-0.9670443534851074,1.232375978399802,1,1.232375978399802,,,,,,,,,,,,,,1.232375978399802,,,,,,,,,,,,,
2021-12-01,https://slickdeals.net/f/15470164-macys-star-rewards-members-50-star-money-for-300-select-fine-or-smart-watch-purchases-0,-0.8846770339529355,-0.9967499772707621,0.8871736255985203,3,2.0986250836738414,0.3202653756602299,0.24263041746148933,,,,,,,,,,,,2.0986250836738414,0.3202653756602299,0.24263041746148933,,,,,,,,,,,
2021-12-01,https://www.retaildive.com/news/toys-r-us-to-open-new-flagship-at-american-dream-mall/610770/,-0.08802974408464925,-0.005345940589904785,1.3591552347083153,2,1.2750903994052842,1.4432200700113464,,,,,,,,,,,,,1.2750903994052842,1.4432200700113464,,,,,,,,,,,,
2021-12-01,https://www.newsweek.com/grandmas-heartwarming-reaction-receiving-tickets-see-rockettes-goes-viral-1654963,0.3378968279198851,0.9924364686012268,0.3404719985714836,1,0.3404719985714836,,,,,,,,,,,,,,0.3404719985714836,,,,,,,,,,,,,
2021-12-01,https://abc7chicago.com/toys-r-us-new-jersey-store-american-dream-mall-macys-stores/11289480/,-0.995296116180293,-0.981747031211853,1.0138009940826764,1,1.0138009940826764,,,,,,,,,,,,,,1.0138009940826764,,,,,,,,,,,,,
2021-12-01,https://www.benzinga.com/markets/cryptocurrency/21/12/24394018/order-food-delivery-with-grubhub-to-earn-free-bitcoin-heres-the-details,-0.24316472893318525,-0.9929236173629761,0.24489771889904924,1,0.24489771889904924,,,,,,,,,,,,,,0.24489771889904924,,,,,,,,,,,,,
2021-12-01,https://finance.yahoo.com/news/40-ways-save-money-over-230006744.html,-0.7855610788948932,-0.8984191417694092,0.8743815023216832,1,0.8743815023216832,,,,,,,,,,,,,,0.8743815023216832,,,,,,,,,,,,,
2021-12-02,https://www.foxnews.com/politics/ny-republicans-vow-legal-action-non-citizens-voting,-0.2521707462999367,-0.9975558519363403,0.2527885990648563,1,0.2527885990648563,,,,,,,,,,,,,,0.2527885990648563,,,,,,,,,,,,,
2021-12-02,https://www.newsweek.com/de-blasio-says-city-should-assume-omicron-ny-after-convention-attendee-gets-variant-1655483,-0.23915051662900844,-0.9956725835800171,0.2401899184259191,1,0.2401899184259191,,,,,,,,,,,,,,0.2401899184259191,,,,,,,,,,,,,
2021-12-02,https://www.retaildive.com/news/why-the-best-holiday-deals-this-year-are-bad-news/610820/,-0.5846935418231811,-0.9932509064674377,0.5886665071393513,1,0.5886665071393513,,,,,,,,,,,,,,0.5886665071393513,,,,,,,,,,,,,
2021-12-02,https://www.startribune.com/omicron-confirmed-in-man-who-attended-nyc-anime-convention/600123052/,-0.24993503519917787,-0.9916751384735107,0.25203317649356805,1,0.25203317649356805,,,,,,,,,,,,,,0.25203317649356805,,,,,,,,,,,,,
2021-12-02,https://www.hospitalitynet.org/announcement/41007348/martinique-new-york-on-broadway-curio-collection-by-hilton.html,0.5687021955710296,0.9996877908706665,0.5688798050396565,1,0.5688798050396565,,,,,,,,,,,,,,0.5688798050396565,,,,,,,,,,,,,
2021-12-02,https://www.ctvnews.ca/health/coronavirus/multiple-cases-of-omicron-virus-variant-detected-in-new-york-city-1.5690800,-0.26395101881618666,-0.9706099629402161,0.271943446795677,1,0.271943446795677,,,,,,,,,,,,,,0.271943446795677,,,,,,,,,,,,,
2021-12-02,https://www.cbsnews.com/news/amazon-cyber-monday-week-deals-discounts-sale/,-0.2586076098340335,-0.993889331817627,0.2601975909743305,1,0.2601975909743305,,,,,,,,,,,,,,0.2601975909743305,,,,,,,,,,,,,
2021-12-02,https://www.startribune.com/multiple-cases-of-omicron-virus-variant-detected-in-nyc/600123052/,-0.24993503519917787,-0.9916751384735107,0.25203317649356805,1,0.25203317649356805,,,,,,,,,,,,,,0.25203317649356805,,,,,,,,,,,,,
2021-12-02,https://www.retaildive.com/news/nrf-thanksgiving-weekend-shoppers-decline-for-second-year-in-a-row/610843/,-0.24605298320086522,-0.9952356219291687,0.24723088460591386,1,0.24723088460591386,,,,,,,,,,,,,,0.24723088460591386,,,,,,,,,,,,,
2021-12-02,https://www.newser.com/story/314025/toys-r-us-is-returning-with-massive-new-store.html,1.0845473585310852,0.9989911913871765,1.0856425641001972,1,1.0856425641001972,,,,,,,,,,,,,,1.0856425641001972,,,,,,,,,,,,,
2021-12-02,https://finance.yahoo.com/news/smart-way-save-money-shopping-211720351.html,-0.8626166324306815,-0.8318215012550354,1.0370213214363695,1,1.0370213214363695,,,,,,,,,,,,,,1.0370213214363695,,,,,,,,,,,,,
2021-12-02,https://www.zacks.com/stock/news/1834439/stock-market-news-for-dec-2-2021,-0.8049294385050274,-0.9970482587814331,0.8074008850128673,2,1.3465212008119132,0.2682805692138216,,,,,,,,,,,,,1.3465212008119132,0.2682805692138216,,,,,,,,,,,,
2021-12-02,https://www.fool.com/investing/2021/12/02/dont-ignore-macys-ceo-physical-retail-is-still-imp/,-1.2600158808489654,-0.9288665354251862,1.3499604203100604,2,1.262930931997957,1.4369899086221638,,,,,,,,,,,,,1.262930931997957,1.4369899086221638,,,,,,,,,,,,
2021-12-02,https://www.prnewswire.com/news-releases/tanger-outlets-promotes-leslie-swanson-to-chief-operating-officer-and-appoints-andrew-wingrove-as-chief-commercial-officer-301435784.html,1.1257890839644642,0.9997020363807678,1.1261246281343695,1,1.1261246281343695,,,,,,,,,,,,,,1.1261246281343695,,,,,,,,,,,,,
2021-12-02,https://slickdeals.net/f/15472936-royal-luxe-white-goose-feather-down-240-thread-count-cotton-comforter-twin-30-queen-40-king-50-15-sd-cashback-free-shipping,-0.2667264174634315,-0.9839783310890198,0.2710694016688676,1,0.2710694016688676,,,,,,,,,,,,,,0.2710694016688676,,,,,,,,,,,,,
2021-12-03,https://www.cnbc.com/2021/12/03/holiday-shopping-2021-spending-set-to-blow-past-records-nrf-says.html,-1.9193501625118232,-0.9955326318740845,1.9279630833382704,1,1.9279630833382704,,,,,,,,,,,,,,1.9279630833382704,,,,,,,,,,,,,
2021-12-03,https://www.wsbtv.com/news/health/omicron-coronavirus/C7HFPANLFNKCI6LMNG5LEHTLL4/,-0.24178573204541523,-0.9951765537261963,0.24295762509688099,1,0.24295762509688099,,,,,,,,,,,,,,0.24295762509688099,,,,,,,,,,,,,
2021-12-03,https://www.reuters.com/markets/us/macys-reliance-stores-e-commerce-weighs-mulled-split-2021-12-03/,-1.1446606308827583,-0.45739354689915973,2.6569190196111125,3,2.2680401258489797,2.9163909799554255,2.786325953028933,,,,,,,,,,,,2.2680401258489797,2.9163909799554255,2.786325953028933,,,,,,,,,,,
2021-12-03,https://finance.yahoo.com/news/macys-reliance-stores-e-commerce-110512806.html,-1.2775590771774978,-0.5704561233520508,1.8133106603376468,5,0.9904890336687387,1.8246646227327634,2.3347095750893776,1.1018318700027094,2.814858200194646,,,,,,,,,,0.9904890336687387,1.8246646227327634,2.3347095750893776,1.1018318700027094,2.814858200194646,,,,,,,,,
2021-12-03,https://comicbook.com/irl/news/toys-r-us-returning-again-ice-cream-2-story-slide/,1.3136313782285995,0.9995368719100952,1.3142400397078657,1,1.3142400397078657,,,,,,,,,,,,,,1.3142400397078657,,,,,,,,,,,,,
2021-12-03,https://slickdeals.net/f/15475561-designer-gifts-under-35-from-coach-kate-spade-marc-jacobs-and-more,0.2726734033710722,0.9986428618431091,0.2730439617500719,1,0.2730439617500719,,,,,,,,,,,,,,0.2730439617500719,,,,,,,,,,,,,
2021-12-03,https://www.huffpost.com/entry/gifts-from-black-owned-brands_l_61a84c3fe4b044a1cc1e8bcb,0.0018586562944385987,0.029671460390090942,0.25698602927714265,2,0.26305104337788854,0.25092101517639676,,,,,,,,,,,,,0.26305104337788854,0.25092101517639676,,,,,,,,,,,,
2021-12-03,https://www.retaildive.com/news/the-weekly-closeout-the-container-store-brings-in-new-brands-and-the-lates/610906/,-2.23948410580391,-0.940345287322998,2.3815550904491025,1,2.3815550904491025,,,,,,,,,,,,,,2.3815550904491025,,,,,,,,,,,,,
2021-12-03,https://theinventory.com/suit-up-for-99-and-impress-the-judge-on-monday-with-th-1848155641,-0.3499722189691452,-0.9966667294502258,0.3511426724981523,1,0.3511426724981523,,,,,,,,,,,,,,0.3511426724981523,,,,,,,,,,,,,
2021-12-03,https://slickdeals.net/f/15472723-3-piece-mac-hypnotizing-holiday-kiss-of-magic-lip-set-20-85-sd-cashback-free-store-pickup,-0.268208845230683,-0.9917705655097961,0.27043176133966673,2,0.2699982131976711,0.2708653094816623,,,,,,,,,,,,,0.2699982131976711,0.2708653094816623,,,,,,,,,,,,
2021-12-03,https://gothamist.com/arts-entertainment/photos-midtown-manhattan-holiday-windows-2021,1.3128974794130952,0.9996667206287384,1.3131876735075902,2,2.2955342572472754,0.33084108976790516,,,,,,,,,,,,,2.2955342572472754,0.33084108976790516,,,,,,,,,,,,
2021-12-03,https://www.timeout.com/newyork/news/a-gigantic-toys-r-us-flagship-is-opening-right-outside-nyc-this-month-120321,1.2089370081799002,0.9994502663612366,1.2096019670707134,1,1.2096019670707134,,,,,,,,,,,,,,1.2096019670707134,,,,,,,,,,,,,
2021-12-03,https://www.fool.com/earnings/call-transcripts/2021/12/02/yext-inc-yext-q3-2022-earnings-call-transcript/,0.5586462381611272,0.9993869066238403,0.5589889505840768,1,0.5589889505840768,,,,,,,,,,,,,,0.5589889505840768,,,,,,,,,,,,,
2021-12-03,https://www.newsweek.com/black-lives-matter-blm-holds-christmas-boycott-white-companies-1655747,0.5469429269307685,0.9810617566108704,0.5575010168780931,1,0.5575010168780931,,,,,,,,,,,,,,0.5575010168780931,,,,,,,,,,,,,
2021-12-03,https://www.cnet.com/tech/services-and-software/browser-extensions-apps-save-money-holiday-season/,0.8658138275309188,0.9865108728408813,0.8776525949862184,1,0.8776525949862184,,,,,,,,,,,,,,0.8776525949862184,,,,,,,,,,,,,
2021-12-03,https://www.prnewswire.com/news-releases/lids-expands-global-brick--mortar-footprint-with-first-ever-stores-in-europe-301437137.html,2.3166643524961614,0.972209632396698,2.382885619827798,1,2.382885619827798,,,,,,,,,,,,,,2.382885619827798,,,,,,,,,,,,,
2021-12-03,https://www.newsweek.com/nyc-mayor-de-blasio-extends-vaccine-mandate-include-staff-private-religious-schools-1655660,-0.23702889257880075,-0.9868394732475281,0.2401899184259191,1,0.2401899184259191,,,,,,,,,,,,,,0.2401899184259191,,,,,,,,,,,,,
2021-12-03,https://www.voanews.com/a/omicron-coronavirus-variant-found-in-multiple-us-states/6337746.html,-0.26058802801730546,-0.989913821220398,0.2632431454447662,1,0.2632431454447662,,,,,,,,,,,,,,0.2632431454447662,,,,,,,,,,,,,
2021-12-03,https://www.huffpost.com/entry/best-holiday-party-shoes_l_61a7ec27e4b0ae9a42b771ea,0.24614561360243137,0.9905028343200684,0.2485057135362952,1,0.2485057135362952,,,,,,,,,,,,,,0.2485057135362952,,,,,,,,,,,,,
2021-12-03,https://www.voanews.com/a/multiple-cases-of-omicron-variant-detected-in-new-york-city/6337746.html,-0.26058802801730546,-0.989913821220398,0.2632431454447662,1,0.2632431454447662,,,,,,,,,,,,,,0.2632431454447662,,,,,,,,,,,,,
2021-12-03,https://www.business-standard.com/article/current-affairs/omicron-variant-of-covid-19-found-in-multiple-us-states-on-thursday-121120300155_1.html,-0.23832783865970053,-0.9978991746902466,0.23882957788163198,1,0.23882957788163198,,,,,,,,,,,,,,0.23882957788163198,,,,,,,,,,,,,
2021-12-03,https://www.nzherald.co.nz/world/covid-19-omicron-coronavirus-variant-found-in-multiple-us-states/2JQ2UBPDO5PGVI7F4TDWMAIITE/,-0.24953622349457025,-0.9982293248176575,0.2499788548489617,1,0.2499788548489617,,,,,,,,,,,,,,0.2499788548489617,,,,,,,,,,,,,
2021-12-03,https://toynewsi.com/news.php?itemid=40979,-0.5810283235598783,-0.32901841402053833,1.6149701500096452,3,2.335237073112794,1.537095598867607,0.9725777780485343,,,,,,,,,,,,2.335237073112794,1.537095598867607,0.9725777780485343,,,,,,,,,,,
2021-12-03,https://www.cp24.com/world/omicron-coronavirus-variant-found-in-multiple-u-s-states-1.5691654,0.2344003543382349,0.8570814728736877,0.2734866658035666,1,0.2734866658035666,,,,,,,,,,,,,,0.2734866658035666,,,,,,,,,,,,,
2021-12-04,https://www.prnewswire.com/news-releases/signature-bank-solaredge-technologies-and-factset-research-systems-set-to-join-sp-500-others-to-join-sp-midcap-400-and-sp-smallcap-600-301437436.html,-0.24604576149490434,-0.9696794748306274,0.2537392693991804,1,0.2537392693991804,,,,,,,,,,,,,,0.2537392693991804,,,,,,,,,,,,,
2021-12-04,https://www.uppermichiganssource.com/prnewswire/2021/12/04/luminocity-festival-is-ongoing-whitney-pond-park/,0.25346889303891856,0.9899182915687561,0.25605031768555164,1,0.25605031768555164,,,,,,,,,,,,,,0.25605031768555164,,,,,,,,,,,,,
2021-12-04,https://www.marketwatch.com/story/solaredge-factset-and-signature-bank-to-join-s-p-500-index-11638571745,-0.2599557929950822,-0.9975295662879944,0.2605995870001421,1,0.2605995870001421,,,,,,,,,,,,,,0.2605995870001421,,,,,,,,,,,,,
2021-12-05,https://www.nwitimes.com/business/local/nwi-business-ins-and-outs-crepe-cafe-and-paleta-place-coming-toys-r-us-returning/collection_01854061-62f2-591f-b776-2abfd603e724.html,-1.5984432708131346,-0.9937815070152283,1.6084453771070635,1,1.6084453771070635,,,,,,,,,,,,,,1.6084453771070635,,,,,,,,,,,,,
2021-12-05,https://www.fool.com/investing/2021/12/05/stocks-to-be-thankful-for/,-0.38378216950193006,-0.4947499930858612,0.6888142107349644,4,1.5695136286339784,0.33214668815906456,0.2572431355440177,0.5963533906027971,,,,,,,,,,,1.5695136286339784,0.33214668815906456,0.2572431355440177,0.5963533906027971,,,,,,,,,,
